appid,website,support_url,support_email
340,http://www.half-life2.com,,
1600,http://www.scs-dangerouswaters.com/,http://strategyfirst.com/products/support.html,
3510,http://amazingadventuresgame.com/,,
3710,http://www.rebellion.co.uk/,,
3820,http://www.bloodrayne2.com/,http://www.majescoent.com/content/support,
4230,http://www.race-game.org/,,work@simbin.com
8600,http://www.race-game.org/race07/index.htm,,work@simbin.com
9480,http://www.saintsrow.com/,helpcenter.deepsilver.com,
12340,http://www.strategyfirst.com/games/1432-jack-keane.html,,
12470,http://www.ascaron.com/gb/portroyale2/index.html,http://strategyfirst.com/products/support.html,
15390,http://www.brothersinarmsgame.com,,
15750,http://www.oddworld.com,,
19020,http://konami.com/games/puzzle-chronicles/,https://us.konami.com/support/,
20530,http://www.redfaction.com,,support@quanticlab.com
21500,http://www.pyroblazer.com,,
23600,http://www.soldak.com/Depths-of-Peril/Overview.html,,
25000,http://www.wolfire.com/overgrowth,,contact@wolfire.com
31860,https://www.herinteractive.com/shop-games/nancy-drew-legend-of-the-crystal-skull/,https://www.herinteractive.com/support/contact-support/,techsupport@herinteractive.com
32200,http://www.metaldrift.com,,
34190,http://www.sega.com/sonicracing/,https://support.sega.co.uk,
34810,,http://www.cigames.com/en/Support,
35600,http://www.bigbrainwolf.com,,bigbrainwolfsupport@frimastudio.com
36300,http://www.sandlotgames.com/w5/cake_mania_main_street.html,,
37000,http://ice-pick.com,,support@ice-pick.com
37240,http://www.playfirst.com/game/dinerdashhometownhero,,
37270,http://www.playfirst.com/game/wandering-willows,,
37960,http://www.iwin.com,,
38070,http://www.iwin.com/games/coconut-queen,,
39520,,,support@quanticlab.com
41070,http://www.croteam.com,,support@croteam.com
47810,http://dragonage.bioware.com/dao/,,
50300,http://www.specopstheline.com/,,
55230,http://www.saintsrow.com/,helpcenter.deepsilver.com,
63500,http://www.swordsandsoldiers.com,,
63800,http://www.delve-deeper.com/,,
65800,http://dungeondefenders.com/,https://chromatic.zendesk.com,https://chromatic.zendesk.com
105800,http://pixeljunk.jp,http://pixeljunk.jp/bbs/top.php,pixeljunk@q-games.com
108210,http://www.memoir44-online.com,,m44online@daysofwonder.com
113020,http://www.monacoismine.com,www.pocketwatchgames.com/chat,support@pocketwatchgames.com
205090,http://gaijingames.com/games/bittrip-flux,,support@gaijingames.com
205840,http://yesterday-game.com/,http://forum.runaway-thegame.com/,
214150,http://www.galciv1.com/,http://stardock.com/support/,support@stardock.com
214970,http://www.intrusion2.com/,http://intrusion2.com/forum/,support@intrusion2.com
215280,http://www.secretworldlegends.com,http://help.funcom.com/,
215710,http://subatomicstudios.com/games/fieldrunners-2/,http://subatomicstudios.com/contact/,bugs@subatomicstudios.com
216090,http://www.gohomedinosaurs.com/,http://www.gohomedinosaurs.com/,GHDsupport@firehosegames.com
217790,,www.cigames.com,support@cigames.com
218020,http://www.spiderwebsoftware.com/nethergateres/index.html,,support@spiderwebsoftware.com
218680,http://games.kidswb.com/official-site/scribblenauts/unlimited/,http://support.wbgames.com/,WBGames.IntSupport@warnerbros.com
219680,http://www.visitproteus.com,http://www.visitproteus.com/faq,ed@visitproteus.com
222180,,http://www.redflystudio.com,
224480,http://www.octodadgame.com,,feedback@octodadgame.com
224740,http://www.clockworkempires.com,http://portal.clockworkempires.com,support@gaslampgames.com
227940,https://www.heroesandgenerals.com/,https://heroesandgenerals.com/support/,
230150,http://www.incredipede.com,http://www.incredipede.com/faq.html,support@Incredipede.com
236730,http://www.anomaly2game.com/,http://forum.11bitstudios.com/,support@11bitstudios.com
238090,http://www.rebellion.co.uk/games/sniper-elite-3,,se3.support@rebellion.co.uk
246980,http://www.influxgame.com,http://www.influxgame.com,joewa@impromptugames.com
247240,http://www.volgarrtheviking.com,adultswim.com,games@adultswim.com
248310,http://freedomplanetgame.com/,http://www.galaxytrail.com/,strife@galaxytrail.com
248820,http://riskofraingame.com,,spacegame2012@gmail.com
252890,http://frogwares.com,http://frogwares.com/support/,support@frogwares.com
253390,http://hottinroofgame.com,http://glassbottomgames.com,hottinroof@glassbottomgames.com
254300,http://www.dofus.com,https://support.ankama.com,
254590,http://www.themeparkstudio.com/,http://www.themeparkstudio.com/,support@themeparkstudio.com
254960,,,support@quanticlab.com
257170,http://rebuildgame.com,http://forums.rebuildgame.com,support@rebuildgame.com
257850,http://heartmachine.com,http://heartmachine.com,support@heart-machine.com
260080,http://www.jackboxgames.com,https://jellyvisiongames.zendesk.com/home,support@jellyvisiongames.zendesk.com
260130,http://agarestzero.ghostlight.uk.com/pc,https://www.ghostlight.uk.com/,support@ghostlight.uk.com
261510,http://www.texmurphy.com/,,service@atlus.com
261640,http://borderlandsthegame.com/,support.2k.com,
261740,http://sumomgames.com/,http://sumomgames.com/,contact@sumomgames.com
262120,http://www.signalstudios.net/games/toy-soldiers-complete,https://steamcommunity.com/app/262120/discussions/,community@signalstudios.net
262850,http://www.thejourneydown.com,http://www.skygoblin.com,
262940,https://revolution.co.uk/games/the-serpents-curse/,http://www.revolution.co.uk,support@revolution.co.uk
263180,http://www.thedepartmentofsillystuff.com/,http://www.thedepartmentofsillystuff.com/support,support@dosillystuff.com
264730,http://www.deadly30.com,http://support.headupgames.com,support@headupgames.com
265610,http://kupogames.com/,,kupo707@hotmail.com
266150,http://lostsaga.z8games.com,http://support.z8games.com/lostsaga/,
269650,http://www.dex-rpg.com,http://www.dex-rpg.com,support@dreadlocks.cz
271570,http://spacefarmers.bumpkinbrothers.com,http://www.bumpkinbrothers.com,contact@bumpkinbrothers.com
273750,http://www.gameformulatruck.com/en/index.html,http://www.gameformulatruck.com/suporte.html,support@reizastudios.com
274940,http://www.depthgame.com,http://www.depthgame.com,support@digitalconfectioners.com
275310,http://www.totemgames.ru/,,support@strategyfirst.com
275490,http://crazymoogames.com/games/canyon-capers/,,contact@crazymoogames.com
276220,https://www.rokapublish.de/mailing-list,,support@rokapublish.de
276300,https://www.rokapublish.de/mailing-list,,support@rokapublish.de
276340,https://www.rokapublish.de/mailing-list,,support@rokapublish.de
277500,http://www.excalibur-publishing.com/games/farming-world/,http://www.mergegames.com/,luke@mergegames.com
279070,,http://facebook.com/valorware,valorwareuk@gmail.com
280680,https://www.krita.org,https://ask.krita.org,steamsupport@krita.org
280930,http://www.hitcents.com/games/battlepillars,,appsupport@hitcents.com
281580,,,support@strategyfirst.com
282400,,,support@quanticlab.com
282760,https://digitaltentacle.squarespace.com/,https://digitaltentacle.squarespace.com/contact/,contact@digitaltentacle.com
283310,http://www.funboxmedia.co.uk/,http://www.funboxmedia.co.uk/,
284100,http://unclaimedworld-game.com/,,support@unclaimedworld-game.com
284220,http://www.rockinandroid.com/games/gameinfo.php?id=diadra-empty,http://rockinandroid.com/,info@rockinandroid.com
284730,http://www.artifexmundi.com/page/carnival/,,steam.support@artifexmundi.com
284970,http://www.opqam.com/,http://www.opqam.com/contact.php,
287020,http://www.nightdivestudios.com/games/harvester/?utm_source=steampowered.com&amp;utm_medium=product&amp;utm_campaign=website%20-%20harvester,http://www.nightdivestudios.com/?utm_source=steampowered.com&amp;utm_medium=product&amp;utm_campaign=support%20-%20harvester,daniel@nightdivestudios.com
290040,http://retrogamecrunch.com,http://retrogamecrunch.com/contact/,
290470,https://crossplay.onigiri.cyberstep.com/,https://crossplay.onigiri.cyberstep.com/contact?device=steam,
291070,www.handsomegames.net/slip.html,,HandsomeGames.Contact@gmail.com
291190,http://www.tresebrothers.com/heroes-of-steel/,http://startradersrpg.proboards.com/board/28/bug-reports-hs,andrew@tresebrothers.com
291480,https://wf.my.com/,http://support.my.com/games/kb/WF,
292060,http://www.finalhoursoftitanfall.com,http://www.finalhoursoftitanfall.com,
292910,http://www.deponia.de,http://forum.daedalic.de/,support@daedalic.de
293600,http://www.arsonandplunder-game.com,,support@headupgames.com
294370,,http://kasedogames.com/en/,support@kasedogames.com
294860,,https://support.sega.co.uk,
296890,http://crescentmoongames.com/wordpress/neon-shadow,http://www.crescentmoongames.com/support,info@crescentmoongames.com
300040,https://subagames.com/DivineSouls/,https://subagames.com/SupportPage.aspx,
300300,http://www.stolencouchgames.com,www.stolencouchgames.com,sales@stolencouchgames.com
301970,http://screencheat.com,http://screencheat.com,support@fellowtraveller.games
302310,http://doe.frogdice.com,,support@frogdice.com
304050,http://www.trionworlds.com/trove/?affiliateId=251,https://support.trionworlds.com,
304410,,,matthew.brown.mail@gmail.com
307340,,http://www.idigicon.com/index.php?route=information/contact,
307930,http://www.b-alive.de/joomla/index.php?option=com_content&amp;task=view&amp;id=16&amp;Itemid=67,,steam.support@wildlife-park.com
310070,http://www.blazinggriffin.com,,support@blazinggriffin.com
310460,https://www.bulkypix.com/game/corto-maltese,http://www.bulkypix.com/support,helpdesk@bulkypix.com
311140,,http://www.buka.ru/cgi-bin/tech_support.pl?option=first_page,help@buka.ru
311310,http://www.navalaction.com,forum.game-labs.net,support@navalaction.com
311720,http://www.freeholdgames.com,http://www.freeholdgames.com,support@freeholgames.com
314120,http://RampantGames.com/FrayedKnights,http://rampantgames.com,feedback@rampantgames.com
314180,,,games@degica.com
314220,,,support@sanukgames.com
314320,http://www.gamersgomakers.com,www.gamersgomakers.com,info@gamersgomakers.com
315060,,,2strokedesign@gmail.com
315670,,http://h2games.co.kr/eng/,support@h2interactive.co.kr
315930,http://interbellum.ru/bravada/index_eng.html,http://interbellum.ru/contacts_eng.html,info@interbellum.ru
316600,http://fruitbatfactory.com/qpshootingdangerous/,http://forum.fruitbatfactory.com/index.php,support@fruitbatfactory.com
317290,http://www.winterwolves.com/bionicheart2.htm,http://www.winterwolves.com/info.php,info@winterwolves.com
318650,http://www.sunage-the-game.com,http://forum.vertex4.com,
319280,http://yatagarasu-FTG.com,http://nyu-media.com,info@nyu-media.com
320110,http://www.trainzportal.com/product/view/train-town,http://support.trainzportal.com,
320330,http://all-those-moments.com/earthworms/,www.playway.com,help@playway.com
321150,http://www.melissak-game.com/,http://www.sdpgames.com/support.html,
321660,http://www.industry-games.com,support@industry-games.com,
321830,http://www.cavernkings.com/,,support@cavernkings.com
324170,,,support@winged-cloud.com
324800,http://www.shadowwarrior.com,www.flyingwildhog.com,shadowwarrior2-support@flyingwildhog.com
325790,http://www.fallena2p.com,,support@redkatana.com
326380,,http://www.astragon.de/support.html,support@astragon.de
326650,,http://www.2tainment.com,support@2tainment.com
328740,http://www.Gamesare.com,http://www.Gamesare.com,support@gamesare.com
330520,www.taildrift.com,http://rightpedalstudios.com/support/,
330680,http://www.solarstruggle.com,,contact@z-software.net
330880,,https://www.facebook.com/redemptiononline4steam,steam@movegames.co.kr
333210,http://kaiju-a-gogo.com/,http://www.kerberos-productions.com/forums/viewforum.php?f=82,contact@kerberos-productions.com
333220,http://www.cherrytreehigh.com,http://nyu-media.com,info@nyu-media.com
333650,http://ironcode.com/game-pahelika-revelations.html,http://ironcode.com/contact.html,help@ironcode.com
334100,http://extremeexorcism.com,,support@ripstone.com
336080,http://slitherine.com/games/V65_PC,www.slitherine.com,support@slitherine.co.uk
336090,http://www.polarityflow.com,http://www.polarityflow.com,support@polarityflow.com
336940,http://www.puppygames.net/basingstoke,http://www.puppygames.net/contact/?subject=basingstoke,support@puppygames.net
337130,,,support@trisynergy.com
337940,http://www.zeiva.net/otome/index.html,http://www.zeiva.net,zeiva@hotmail.com
339910,http://www.teamshuriken.com,http://www.teamshuriken.com,louis@teamshuriken.com
340310,,,support@forever-entertainment.com
340370,,trisynergy.com,support@trisynergy.com
340520,https://www.tallowmere.com/,https://www.tallowmere.com/contact/,chris@tallowmere.com
340960,http://pulsengame.com,http://pulsengame.com/contact,
341010,http://pluck.blapid.com,,benlap@umich.edu
341660,http://www.forcequitapplications.com,http://www.forcequitapplications.com,support@forcequitapplications.com
342020,http://www.bitevolutiongame.com,http://www.bitevolutiongame.com,
342380,,,support@winged-cloud.com
343690,,,dimakivagame@gmail.com
344760,http://www.reignofkings.net,http://steamcommunity.com/app/344760/discussions/,support@codehatch.com
347670,http://www.criansoft.com/karate-master-2-knock-down-blow-.html,http://www.criansoft.com,criansoft@gmail.com
348620,http://www.zeiva.net/game/voices.html,http://www.zeiva.net,zeiva@hotmail.com
349140,http://www.coldwinterwaiting.com,,viperante@gmail.com
349320,https://www.facebook.com/RainyKeelung?fref=ts,https://www.facebook.com/RainyKeelung?fref=ts,
350550,http://www.zeiva.net/otome/index.html,http://www.zeiva.net,zeiva@hotmail.com
351920,http://www.crazy-machines.com,http://www.daedalicsupport.com/,
352210,http://littlecells.fullybugged.com/,littlecells.fullybugged.com,mail@fullybugged.com
352620,http://biggreenpillow.com/,www.curve-digital.com,support@curve-digital.com
352810,,,support@playism.jp
353070,http://www.playanarchygames.com,http://www.playanarchygames.com,support@anarchyent.com
353550,,,ian@ip-builders.com
354290,,,lovebeat_cs@crazydiamond.co.kr
354720,,,support@strategyfirst.com
355020,,www.immanitas.com,info@immanitas.com
355310,http://bloodalloy.com/,,support@suppressivefiregames.com
355520,,https://twitter.com/CherryCoStudios,
355650,,,support@microids.com
356250,http://gathering-sky.com,http://astrangergravity.com,contact@astrangergravity.com
356510,http://stamina-games.com,http://stamina-games.com,contact@stamina-games.com
356710,http://www.bandofdrones.com,http://www.kiritsugames.com,kiritsugames@gmail.com
357030,http://excubitorgame.com/,http://www.kasedogames.com/#!customer-support/b3z24,support@kalypsomedia.com
358190,https://3drealms.com/catalog/blake-stone_15/,,hello@3drealms.com
358410,https://3drealms.com/catalog/rise-triad-dark-war_44/,,hello@3drealms.com
360650,http://jetdogs.com,http://jetdogs.com,support@jetdogs.com
361100,http://www.stun-games.com,,info@stun-games.com
361110,http://servadacsgamedev.blogspot.com,http://servadacsgamedev.blogspot.com,daniel.jonsson1@comhem.se
362400,http://www.regimentalchess.com/,http://www.regimentalchess.com/contact-us-2/,support@clockworkelements.com
365210,https://www.choiceofgames.com/,https://www.choiceofgames.com/contact-us/,support-hollywood-steam@choiceofgames.com
365810,http://acemaddox.com,http://acemaddox.com,support@acemaddox.com
366990,,http://www.yeaboing.com/,
367040,,https://support.steampowered.com/,Insanz@fahr-zur-hoelle.org
367060,,,onionman77@gmail.com
369000,http://www.drixystudios.com/pongo.html,http://www.drixystudios.com/,support@drixystudios.com
370300,http://www.criticalgames.com.au/8-bit-adventures-remastered.html,http://www.criticalgames.com.au/contact-us.html,criticalgames@tpg.com.au
370560,,www.shinypix.com/contact,customersupport@shinypix.com
370670,http://aldorlea.org/thetaleofacommonman.php,http://www.aldorlea.org/,aldorlea@googlemail.com
372750,,https://www.facebook.com/GirlAmazonSurvival/,
372780,http://www.pixelpigames.com/,http://www.pixelpigames.com/,support@pixelpigames.com
372890,http://www.libredia.com/component/k2/item/107-red-crow-mysteries-legion,,support@libredia.com
374120,http://mintarcade.com,,info@mintarcade.com
375170,http://www.gunpowdergame.com/,http://www.roguerocketgames.com,support@gunpowdergame.com
375760,https://www.facebook.com/pages/Volstead/1585411581704498,https://www.facebook.com/pages/Volstead/1585411581704498,carlosvogi@gmail.com
377690,http://www.razzartvisual.com/starlightvega/,http://www.razzartvisual.com,
379720,http://www.doom.com,http://help.bethesda.net/,
379870,http://alteilhorizons.com,http://news.apocoplay.com/troubleshooting-faq/,logress@apocoplay.com
381210,http://www.deadbydaylight.com,https://support.deadbydaylight.com,
381890,http://www.inductiongame.com,,support@inductiongame.com
382070,,,neoncubegame@gmail.com
382380,http://thebiggestmissileever.tumblr.com/,,amberthrone@gmail.com
383560,http://squarelands.net/forums,,oryonentertainment@gmail.com
383690,http://www.mucomplex.com/,,contact@studiocime.com
383750,,http://www.mergegames.com/,support@acrowdofmonsters.com
384590,https://www.polychromaticgame.com,,contact@brushfiregames.com
385390,http://game-mill.com,http://game-mill.com,support@game-mill.com
385960,https://www.hexwar.com/downloads/russian-front/,,support@hexwar.com
386750,,,info@cashtronauts.com
386990,,,ebihimes@gmail.com
388120,,,support@dagestantechnology.com
388340,,,daydreamergamesofficial@gmail.com
388680,http://unfinished.fromdustscratch.com/,,support@fromdustscratch.com
389430,http://www.nttgameonline.com/knight/,http://support.nttgameonline.com/,
390200,,,steam.support@artifexmundi.com
390680,https://www.spacejacked.com/,https://github.com/RottenMage/spacejacked-bugs,spacejacked.support@rottenmage.com
390930,http://www.aipd-game.com,,support@morphicon.com
390940,,http://www.buka.ru/cgi-bin/tech_support.pl?option=first_page,help@buka.ru
391720,http://layersoffear.com,https://support.aspyr.com/hc/en-us/requests/new,
392890,,,pomoc@playshop.pl
393190,http://www.tsioque.com/,http://www.OhNoo.com,contact@OhNoo.com
393920,http://diggidy.net/,http://diggidy.net/contact/,contact@diggidy.net
394140,,,matthew.brown.mail@gmail.com
394550,http://www.gunmanclive.com/2,,beril@beril.se
395520,http://www.alpixelgames.com,,ludipe@alpixelgames.com
395580,http://www.filimundus.com,http://www.filimundus.com/support,support@filimundus.se
395600,https://www.facebook.com/windforcegame,http://steamcommunity.com/app/395600/discussions/,
397040,http://www.sphere3-online.com/,http://help.gamexp.ru/#66,
397210,http://targhen.com/,,targhen@gmail.com
397320,http://www.excalibur-publishing.com,http://www.excalibur-publishing.com,support@excalibur-publishing.com
397360,http://games.kosek.com/game/magician.html,http://games.kosek.com/support.html,support@kosek.com
397660,http://behindyou-game.com/,http://behindyou-game.com/,oxprimestudio@gmail.com
397840,,http://playway.com/index.php?option=com_content&amp;view=article&amp;id=129&amp;Itemid=64,help@playway.com
398020,http://www.colonyassault.com/,http://www.colonyassault.com/contact.html,
398480,http://louiecooks.com/,http://louiecooks.com/,louiecooksgame@gmail.com
398830,http://bit2good.com/goggles,http://bit2good.com,support@bit2good.com
399790,,,ian@ip-builders.com
401840,http://cowboycolor.com,,support@cowboycolor.com
402150,,,team.zenisport@gmail.com
402160,http://www.starcommandgalaxies.com/,http://forum.starcommandgame.com/,starcommandhelp@gmail.com
402430,http://www.ootpdevelopments.com/out-of-the-park-baseball/,http://www.ootpdevelopments.com/out-of-the-park-baseball/support.php,support@ootpdevelopments.com
402890,,,catinjar42@gmail.com
404860,http://www.insidemethegame.com/,http://www.insidemethegame.com/index.php/contacts,Anfedart@gmail.com
406280,https://www.facebook.com/futurevisionsgames,,futurevisionsgames@gmail.com
406940,http://www.dubdashgame.com,http://www.headupgames.com/,support@headupgames.com
408250,http://eagleflight.ubisoft.com/,https://support.ubi.com/,
409660,https://www.games.roosterteeth.com/,http://screenwavemedia.com/contact/,websites@screenwavemedia.com
410770,,http://qumaron.com/support-service-en,qumaron.supp@gmail.com
411530,,http://qumaron.com/support-service-en,qumaron.supp@gmail.com
413710,http://snowbirdgames.com/blog/,,support@snowbirdgames.com
414720,http://www.indiedb.com/games/astrox-hostile-space-excavation,,Jace@JaceMasula.com
414740,http://www.raidworldwar2.com/,,info@liongamelion.com
415660,http://tk.99.com,http://tk.99.com,hbq@99.com
416140,http://www.vault-interactive.com/,http://www.vault-interactive.com/,info@vault-interactive.com
416840,http://polykromagames.com/#/ColorBy,http://polykromagames.com/#/ColorBy,info@polykromagames.com
419130,http://www.swordultimate.com/,,ivent.storeproblem@gmail.com
421670,http://cupidvn.tumblr.com/,http://ferventstudio.tumblr.com/,
421740,http://playgoetia.com/,http://sqex.to/support,
423890,http://www.godsandidols.com/,http://www.godsandidols.com/support/,Support@GodsAndIdols.com
424250,http://balconyteam.com,http://balconyteam.com,balcony.softworks@gmail.com
424310,http://wolfraystudios.com/,http://wolfraystudios.com/,wolfraystudios@gmail.com
425670,http://www.seraph-game.com,,support@dreadbit.com
427730,,,support@eviltortillagames.com
428180,http://morenori.com,http://morenori.com/,contact@morenori.com
428660,http://www.deliverusthemoon.com,www.deliverusthemoon.com,support@keoken.nl
428950,http://www.backtobasicsgaming.com/,http://www.backtobasicsgaming.com/,Dan@BackToBasicsGaming.com
429360,http://www.lupinball.com,http://www.craftven.com,
429480,http://www.snowbit.at,http://www.snowbit.at/support,support@snowbit.at
429600,http://www.artifexmundi.com/page/fairytale1/,,steam.support@artifexmundi.com
431290,http://movingplayer.com/en/level-22,http://movingplayer.com/en/level-22,contact@movingplayer.com
431300,http://www.fun4family.com,http://www.fun4family.com,support@fun4family.com
432470,,,1bestgs@gmail.com
433360,http://www.drawngame.com/games/dark-flight,https://bigfishgames.custhelp.com/app/ask,info@bigfishgames.com
433750,https://twitter.com/RogerMichaelPat,,mprart@gmail.com
434150,http://nighthoodgames.com/,http://nighthoodgames.com/,support@nighthoodgames.com
434890,,,redsplatgames@gmail.com
435120,http://www.rustylake.com,http://www.rustylake.com/,http://www.rustylake.com/contact/
436500,http://tinybuild.com/diariesofaspaceportjanitor,tinybuild.com,contact@tinybuild.com
439190,http://www.storiesthepathofdestinies.com,www.spearheadgames.ca,info@spearheadgames.ca
440770,http://drawnstory.com/,http://drawnstory.com/,vrecobra@gmail.com
442140,http://handsomedragongames.com,http://handsomedragongames.com,support@handsomedragongames.com
443980,http://www.facebook.com/SilverCowStudio,http://www.twitter.com/SilverCowStudio,
444180,,,argusgames@list.ru
444480,,www.newrealitygames.co.uk,
444930,,,contact.magicpixel2012@gmail.com
447000,http://grimsfield.com,,support@adamwells.co.uk
448820,,,sb_3d-graph@mail.ru
448850,http://playoverload.com/,http://playoverload.com/contact/,
450670,http://www.ttr-worldtour.com,www.playrisedigital.com,admin@playrise.co.uk
451100,http://www.cubikolor.com/,http://fractalbox.fr/contact.php,
451140,http://www.bigfishgames.com/games/6555/drawn-dark-flight-collectors-edition/?pc,https://bigfishgames.custhelp.com/app/home,info@bigfishgames.com
451780,http://ideafintl.com/trillion/,http://ideafintl.com/contact.php,pcsupport@ideafintl.com
452570,http://www.battlechefbrigade.com/,games.adultswim.com,
453220,http://www.bramblelash.com/,,support@bytespritegames.com
453650,http://www.leveledgames.net/,http://www.leveledgames.net/,
453910,http://www.loveisdeadgame.com,http://www.loveisdeadgame.com,nick@curiobot.com
454160,http://www.arifgames.com/launch/darkfear,http://www.arifgames.com/launch/darkfear,info@arifgames.com
454540,,,support@luckcatchers.ru
455970,,,heartomics@gmail.com
456810,,,support@forever-entertainment.com
457140,https://www.kleientertainment.com/games/oxygen-not-included,,livesupport@kleientertainment.com
457530,,,michaela.a.laws@gmail.com
457770,http://skydomestudios.com/audio-arena/,http://skydomestudios.nl/contact/,
459630,http://www.bluebudgiestudios.com,http://www.bluebudgiestudios.com,
460580,http://www.starchart.info,sites.google.com/site/starchartuserguide/,sc@escapistgames.com
460920,http://steepgame.com/,https://support.ubi.com/,
461280,,,silbermanryan@gmail.com
463250,http://www.onetowergame.com/,http://www.onetowergame.com,onetower-support@skyreacher.com
463980,http://www.solitairica.com,http://www.solitairica.com/,support@righteoushammer.com
464780,http://chushingura46.com/,http://nextninja.net/,
465720,http://www.artifexmundi.com/,,steam.support@artifexmundi.com
466350,http://www.fossilecho.com,http://www.awaceb.com,contact@awaceb.com
466430,https://www.choiceofgames.com/,https://www.choiceofgames.com/contact-us/,support-alexandria-steam@choiceofgames.com
466500,,http://vk.com/ferumss,noskovfe@mail.ru
466860,http://www.pgcog.com,http://www.pgcog.com,chief@pgcog.com
468490,http://www.just1337.com/,http://www.just1337.com/,just1337developer@gmail.com
474210,https://butcher.thd.vg,,support@thd.vg
474890,,,uncrewedfeedback@gmail.com
476430,http://games.computerlunch.com/swing-star/,http://games.computerlunch.com/,andrew@computerlunch.com
477740,,,support-tng@spike-chunsoft.co.jp
479150,https://www.facebook.com/boxcontainment/,,memorazerproduction@web.de
485580,,,wot-job@yandex.ru
486360,,,timorethegame@gmail.com
487030,http://beastsbattle.com,,joxsea@mail.ru
488950,http://www.werewolveswithin.com/,https://support.ubi.com/,
489050,http://www.psroutdoors.com/PSR_games_whitetail_challenge.aspx,http://www.psroutdoors.com/media/Whitetail_Challenge_instruc.doc,support@psroutdoors.com
491070,http://www.shoutofsurvival.com/,http://shoutofsurvival.com/en/contact-us/,support@hakogames.com
491220,http://www.cottongame.com/,http://www.cottongame.com/,
492160,,,support@rokapublish.de
493310,http://retroism.com/,http://retroism.com/contact/,support@retroism.com
493480,http://www.erisle.com/,,expectgame@gmail.com
494100,,http://fruitbatfactory.com,support@fruitbatfactory.com
494170,http://fruitbatfactory.com/miniature,http://fruitbatfactory.com,support@fruitbatfactory.com
494960,http://www.phaserlock.com/,,info@Phaserlock.com
495110,https://www.artifexmundi.com/page/news/,,steam.support@artifexmundi.com
495320,http://www.crovaxstudios.com,http://www.crovaxstudios.com,crovaxstudios@gmail.com
495630,,,capeofgamellc@gmail.com
495990,https://sp-time.com/,https://sp-time.com/,sp_time@sina.com
496380,http://www.spiltmilkstudios.com,http://www.spiltmilkstudios.com,
496690,,http://SometimesYou.com/,3.14nkerator@gmail.com
497080,,www.immanitas.com,
497490,http://allusio.com/projecthovercraft,http://allusio.com/contact/,contact@allusio.com.au
498330,https://catsareliquid.lastquarterstudios.com,https://lastquarterstudios.com,support@lastquarterstudios.com
498380,http://drinkingnails.com/aquanimble/,,drinkingnails@gmail.com
499210,http://www.maximumgames.com,http://www.maximumgames.com/support,support@maximumgames.com
499400,,,support@realityrig.com
499910,http://gosatsu.com/,,gospel@gosatsu.com
500120,http://demonvideogames.blogspot.com.es/p/gazzelquest.html,https://demonvideogames.blogspot.com.es/,demonvideogames@gmail.com
500710,http://www.playwildterra.com,,support@playwildterra.com
500760,http://www.geocities.jp/syuuyuusya/,http://www.geocities.jp/syuuyuusya/,
501430,,,solarsailsgames@hotmail.com
502120,http://www.zeiva.net/anicon/index.html,http://www.zeiva.net,zeiva@hotmail.com
502150,http://www.exaltedguy.com,http://www.exaltedguy.com,dev@exaltedguy.com
502700,http://www.laserlassoball.com/,http://www.ragtagradical.com/,ragtagradical@gmail.com
503560,http://www.jutsugames.com/911,,help@jutsugames.com
503580,,,info@stresslevelzero.com
503700,http://www.ProjectFreja.com,http://www.ProjectFreja.com,
504090,http://www.321Grenades.com,,support@banyango.com
504210,http://www.zachtronics.com/shenzhen-io/,http://www.zachtronics.com/support/,support@zachtronics.com
504610,http://www.destined.com,http://www.destined.com,contact@destined.com
508440,http://landfall.se,,support@landfall.se
508890,,,thematic.psn@gmail.com
509070,http://www.supervrtrainer.com,http://www.supervrtrainer.com,support@supervrtrainer.com
509250,http://www.ToTheTopVR.com,,electrichatgames@gmail.com
510750,https://www.facebook.com/DriftwoodVN/,https://www.facebook.com/DriftwoodVN/,Wakagana16@gmail.com
510990,,,crystal@vryizhan.com
511320,http://www.woodsy-studio.com/echoes,http://www.woodsy-studio.com/contact/,
512120,,http://www.nakitigenerations.com,
513260,http://www.hooliganslab.com/en/green_moon_2/,,support@hooliganslab.com
513310,http://aviatorsgame.com,http://aviatorsgame.com,developers@aviatorsgame.com
514770,http://www.bigfishgames.com/games/8040/grave-mania-pandemic-pandemonium/?pc,https://bigfishgames.custhelp.com/app/home,info@bigfishgames.com
514900,http://observer-game.com/,https://support.aspyr.com/hc/en-us/requests/new,
516010,http://www.ludusstudio.com/board-defenders/,http://www.ludusstudio.com/contact_us/,support@ludusstudio.com
517910,http://www.myshkin.net/sisyphus-reborn,,edwin.montgomery@gmail.com
517930,,,castlesofdrcreep@gmail.com
519990,http://intropygames.com,http://intropygames.com/support,contact@intropygames.com
521140,,,support@fastram.co.uk
521930,,http://www.dagestantechnology.ru/,dagestan.technology@gmail.com
523080,http://playground.pixelpizza.de,http://pixelpizza.de,der_kevin@me.com
523660,http://www.hypercharge.digitalcybercherries.com/,,Joe@digitalcybercherries.com
526490,https://07th-expansion.net/,http://www.mangagamer.com/,support@mangagamer.com
527320,http://kiltedcamel.com/defend-the-highlands-world-tour/,http://kiltedcamel.com/,kiltedcamel@gmail.com
527700,,,containmentinitiative@gmail.com
527940,http://www.bigfishgames.com/games/6011/mystery-trackers-the-void-collectors-edition/?pc,https://bigfishgames.custhelp.com/app/home,info@bigfishgames.com
529160,,http://www.cultureselect.com,support@cultureselect.com
529500,https://alonevr.deceptive-games.com/,www.deceptive-games.com,info@deceptive-games.com
529700,,http://support.encore.com,support@encore.com
529780,http://iblackpen.com/,http://iblackpen.com/,
529860,https://www.direct2drive.com/#!/download-colecovision-flashback--40-game-pack/5009226,https://support.direct2drive.com/,support@direct2drive.com
530290,https://jorgicor.niobe.org/planetvc,,jorge.giner@hotmail.com
530890,,,haydeegame@gmail.com
532210,https://www.lifeisstrange.com,http://sqex.to/steamsupport,
533820,http://www.newrealitygames.co.uk,http://www.newrealitygames.co.uk,newrealitygames@gmail.com
534570,http://bat-byte.com/,,support@bat-byte.com
535330,,,cantoni23@comcast.net
536640,https://www.grimmdarklegacy.com,https://www.grimmdarklegacy.com/Support/SupportTicketActive.aspx,hello@gamesco.com
537140,,,support@evocatgames.com
537430,http://innerchainsgame.com,http://innerchainsgame.com,
538790,http://www.pubgames.net.au/projects/primal-carnage-onslaught/,http://www.pubgames.net.au/projects/primal-carnage-onslaught/,contact@pubgames.net.au
539670,,,support@winged-cloud.com
540840,http://www.laracroftgo.com/,http://support.eu.square-enix.com/main.php?la=2&amp;id=12841,
540880,http://www.roseofwinter.com,http://www.pillowfight.io,support@pillowfight.io
542740,,http://www.ensenasoft.com,support@ensenasoft.com
542750,http://piratado.nethouse.ru/,http://piratado.nethouse.ru/,goodzombi@gmail.com
543100,http://www.wormanimation.com,www.WormAnimation.com,support@wormanimation.com
544520,http://amsgda.com/,http://amsgda.com/,games@amsgda.com
545720,http://ryzalgames.com,http://ryzalgames.com,yutput1@gmail.com
546200,https://www.facebook.com/8FloorGames,https://www.facebook.com/8FloorGames,mikhail.zverev@8floor.net
547090,,,ozolnieks@heapup.info
547310,,,totallynotreptillian@gmail.com
547340,http://moenovel.com/,http://moenovel.com/,support@moenovel.com
547540,,,hey@moarlasers.com
548900,,,support@quanticlab.com
549670,,,booblyc@gmail.com
550200,http://www.WorldDestroyers.com,www.HardHeadGames.com,support@hardheadgames.com
550580,,http://eikosol.com/support,
550810,https://seeproduction.blogspot.it/,,staff@seepuniverse.com
550930,,,rixment@gmail.com
551500,https://vk.com/7k_games,https://vk.com/7k_games,https://vk.com/7k_games
552110,http://www.puzzlepirates.com/,https://yppedia.puzzlepirates.com/Support_Portal,support@puzzlepirates.com
552340,http://www.actuallysanestudios.com,,info@actuallysanestudios.com
552370,http://www.ridersofasgard.com/,http://www.gobbogames.co.za/,support@gobbogames.co.za
553050,http://atrifleodd.com,http://atrifleodd.com,contact@atrifleodd.com
553690,http://invictus.com/content/dustoff-heli-rescue-2-5/,http://invictus.com/menu/contact/,support@invictus.com
555150,http://www.thefirsttree.com/,http://www.thefirsttree.com/,david@thefirsttree.com
555220,http://redcandlegames.com/detention/?lang=en,,contact@redcandlegames.com
555320,,,7dotsss@gmail.com
555400,http://www.crynosaurs.com,http://www.crynosaurs.com/contact/,
555520,http://www.bigfishgames.com/games/6498/riddles-of-fate-wild-hunt-ce/?pc,https://bigfishgames.custhelp.com/app/home,info@bigfishgames.come
556700,,,support@studiocaptivate.com
556840,,,timnicho@gmail.com
557880,,,saygoodbyeofficial@gmail.com
558110,http://theodysseygame.com,,media@theyoungsocratics.com
559850,http://www.facebook.com/SilverCowStudio,http://www.twitter.com/SilverCowStudio,
560220,,http://www.kool2play.com/,support@kool2play.com
560720,https://www.alawar.com/game/dark-angels-masquerade-of-shadows/,http://www.alawar.com,support@alawar.com
561420,,,support@bluebox-interactive.de
562410,,http://animugame.com/games/panty-party/,
564940,http://www.alonewithyougame.com,http://www.benjaminrivers.com/support/,support@benjaminrivers.com
565650,,ArcadeSheep.com,ArcadeSheeps@gmail.com
565860,https://www.facebook.com/tomatowayslasher/,https://www.facebook.com/tomatowayslasher/,castillovlad@gmail.com
566940,,http://www.buka.ru/cgi-bin/tech_support.pl?option=first_page,help@buka.ru
569640,,,ElysiumGame@hotmail.com
570600,https://www.onelivesleft.com/,,support@onelivesleft.com
572010,https://www.facebook.com/nowayoutgame,https://www.facebook.com/nowayoutgame/,fiassink@gmail.com
572410,,https://paradox.zendesk.com/home,
572580,,http://www.buka.ru/cgi-bin/tech_support.pl?option=first_page,help@buka.ru
572720,https://www.herinteractive.com/shop-games/nancy-drew-the-shattered-medallion/,https://www.herinteractive.com/support/contact-support/,techsupport@herinteractive.com
573740,http://qumaron.com/northern-tale-4-game,http://qumaron.com/support-service-en,qumaron.supp@gmail.com
573780,http://www.diabolicalmind.com/game/xv/xenonvalkyrie.html,http://www.diabolicalmind.com/game/xv/xenonvalkyrie.html,cgdfc666@gmail.com
575340,https://chessaria.com,https://discord.gg/chessaria,
575800,,http://www.anawiki.com/contact.php,support@anawiki.com
575870,,,peace_salikhov@mail.ru
577270,,,sorasudev@gmail.com
578260,,https://vk.com/blaizentertainment1,blaizentertainment@mail.ru
578920,,,galaxygames@163.com
580420,http://w-krupinski.blogspot.com/,http://w-krupinski.blogspot.com/,
581300,,,support@quanticlab.com
583030,,http://www.cfk.kr,wbreturn@cfk.kr
583240,,,contact@sweetbanditsstudios.com
583530,http://www.aquila-bfs.com,http://www.aquila-bfs.com,info@aquila-bfs.com
584800,,,cultsoftware666@gmail.com
585270,http://propellerlabs.co,http://propellerlabs.co,hello@propellerlabs.co
585940,,http://coolbeansvr.com,coolbeansvr@gmail.com
586110,https://www.sansar.com/,https://help.sansar.com/hc/en-us/requests/new,
586740,http://www.bigfishgames.com/games/7115/spirits-of-mystery-song-of-the-phoenix-ce/?pc,https://bigfishgames.custhelp.com/app/home,info@bigfishgames.com
586830,http://rank17.com/,http://rank17.com,support@rank17.com
586980,,,MadOutContacts@gmail.com
587440,http://www.galactickeep.com,http://www.gildedskull.com/contact/contact_left.html,support@gildedskull.com
587450,https://sauriangame.squarespace.com/,,support@urvogelgames.com
588230,http://www.thesecretexperiment.co.uk,,support@thesecretexperiement.co.uk
589170,http://handy-games.com/panzer-panic-vr,http://www.handy-games.com/contact/,support@handy-games.com
589410,http://rttstudio.com/dammerlicht/,,RoyalTeaTimeStudio@gmail.com
591680,https://www.catland.studio,,hello@catland.studio
592990,https://chemcaper.com,https://chemcaper.com/contact-us/,support@chemcaper.com
594050,,,2ndupstudios@gmail.com
594160,,,mister.danilov2013@gmail.com
594350,,https://www.devgru-p.com/,
597860,,http://www.blg-publishing.com,support@blg-publishing.com
599800,https://www.youtube.com/c/DreamRealUE4,,mateus.quadros@dreamreal.com.br
600230,http://www.energizelabs.com/projects/epsilonjump/,,rienzi@energizelabs.com
600330,,,contractedsupp@gmail.com
600580,http://fieldof.vision/DarkMechanism.html,http://fieldof.vision/#contact,arnaud@fieldof.vision
601570,,http://sapphiredragonproductions.com/,admin@sapphiredragonproductions.com
601920,https://adjacencygame.com,,support@adjacencygame.com
602300,,,vaguepixels@gmail.com
605790,http://www.bigfishgames.com/games/7754/queens-tales-the-beast-and-the-nightingale-ce/?pc,https://bigfishgames.custhelp.com/app/home,info@bigfishgames.com
606480,http://www.irisloft.com/en/www.irisloft.com/en,http://www.irisloft.com/en/,support@irisloft.com
608390,,,vai.mism@yandex.ru
608760,http://doodlegod.com,http://doodlegod.com,support@joybits.org
609990,http://byterockers.games/en/game/beefense/,http://byterockers.games,support@byterockers.games
610130,http://rasulmono.com/video-games/ultragoodness.html,http://rasulmono.com/video-games/ultragoodness.html,rasul.mono@gmail.com
610250,https://www.ransackedstudios.com/glitch-s-trip,www.ransackedstudios.com/contact-us,ransackedstudios@gmail.com
611320,http://felgcgamesdevelopm.wixsite.com/homepage,http://felgcgamesdevelopm.wixsite.com/homepage,felgc.gamesdevelopment@gmail.com
611630,http://www.skeletoncrewstudios.com,http://www.skeletoncrewstudios.com,
612010,http://www.DuelVR.net,http://www.duelvr.net,duelvrsupport@greenlightgames.co.uk
612620,https://www.goldbargames.com/,,support@goldbargames.com
613670,,,melody_hcy@163.com
614530,http://gardentale.net/index.html,,support@playism.jp
614630,,http://www.tinytitanstudios.com,tinyrails@tinytitanstudios.com
617620,http://iblackpen.com/,http://iblackpen.com/,
618050,http://zovgame.lofter.com/,http://steamcommunity.com/app/618050/,
619100,http://www.indierevo.net,http://www.indierevo.net,team@indierevo.net
620080,https://sekaiproject.com/products/leyline/,https://sekaiproject.com/contact/,support@sekaiproject.com
620570,http://www.atcsuite.com,http://forum.simflight.com/forum/170-atc-simulators/,
621940,http://unleashgame.com,http://unleashgame.com,info@unleashgame.com
623160,http://www.facebook.com/rokaplay/,,support@rokapublish.de
624060,http://www.interplay.com,http://interplay.com/support/customer_service.php,
625080,,,support@strategyfirst.com
625560,,,theoverdreamer@gmail.com
625630,,,apapappa.games@gmail.com
626250,http://thetowergame.com,,inquiries@interdimensionalgames.com
631770,,,marketing@empyrean.games
635270,,,support_6w@6waves.com
636450,http://rezinfinite.com,http://rezinfinite.com/,
636470,,,http://mangamengine@gmail.com
636490,http://www.kamategame.com/,,contact@kamategame.com
637330,,,aerolabdesign@gmail.com
638260,http://www.bigfishgames.com/games/6523/myths-of-the-world-stolen-spring-ce/?pc,https://bigfishgames.custhelp.com/app/home,info@bigfishgames.com
640340,http://www.croteam.com/,,support@gungrounds.com
641870,,,forever8pus@yandex.ru
641950,http://www.laststonelord.com/,http://www.laststonelord.com/,livio3d@hotmail.com
642000,http://www.hyperbookstudio.com/regenesis/,http://www.hyperbookstudio.com,info@hyperbookstudio.com
643830,http://www.botlikegame.com,,support@binji.de
644160,,,starmops.publish@gmail.com
644560,,,gm@sakuragame.com
645380,http://www.heroesofumbra.com/,,support@alcuria.net
645450,,,LightRoadGames@yandex.ru
646010,https://www.longbowgames.com,https://www.longbowgames.com,help@longbowgames.com
646440,https://rebuffreality.com/,https://rebuffreality.com/,info@rebuffreality.com
647500,https://www.facebook.com/DistortedGames/,https://www.facebook.com/DistortedGames/,jurassico65@gmail.com
649790,https://www.rokapublish.de/,,support@rokapublish.de
650600,https://www.facebook.com/greecedefense/,https://www.facebook.com/greecedefense/,gamearx@gmail.com
651610,http://xavieroriongames.wix.com/home,http://xavieroriongames.wix.com/home,xavieroriongames@gmail.com
652190,http://www.emilywantstoplay.com,http://www.emilywantstoplay.com,EWTPToo@skhapps.com
652760,http://www.fletchersgames.com/,http://www.fletchersgames.com/contact.html,contact@fletchersgames.com
654020,http://bentheexorcist.com,,contact@bentheexorcist.com
654660,http://pharmakon-game.com,,contact@visumeca.com
655380,http://rustymoyher.com/digdog,https://goo.gl/forms/g3upR7xneCAB2m322,support@rustymoyher.com
656730,,,theodorniklas21@gmail.com
657050,https://zetsubou.games/,https://twitter.com/zetsubougames,
657780,https://horizonstreetview.wordpress.com/2017/05/06/new-virtual-reality-application-rome-circus-maximus-chariot-race,https://horizonstreetview.wordpress.com/2017/05/06/new-virtual-reality-application-rome-circus-maximus-chariot-race/,vicente.rosell@gmail.com
658600,,steamcommunity.com/id/mastermindfin,tero.lunkka@gmail.com
661230,https://spielmannspiel.com/progressbarsimulator,,progressbarsimulator@spielmannspiel.com
661530,https://www.facebook.com/WTFOMGames,https://www.facebook.com/WTFOMGames,mail67845@mail.ru
661670,,newrealitygames.co.uk,
661790,http://vintsevych.com/,http://vintsevych.com/,andrii@vintsevych.com
662590,https://www.facebook.com/Atriagames,http://steamcommunity.com/groups/Atriagames,xdgonx@yandex.ru
664030,,https://twitter.com/yokeAls,leehy1780@naver.com
664870,,,riphorsestudio@gmail.com
665350,http://spinalgames.com/games-2/mayhem%20above.html,http://spinalgames.com/contact-2.html,contact@spinalgames.com
665650,http://2vhoverbike.intertum.com/,,schalk_asc@intertum.com
665920,,,info@preapp.co.jp
666290,,,steam@otakumaker.com
667220,https://www.ayothegame.com,https://www.ayothegame.com/#contact,support@ayothegame.com
667770,http://nanoshiftvr.com/,http://www.eggrolldigital.com,info@eggrolldigital.com
669340,http://www.RoyalCosmonauticalSociety.com,http://www.RoyalCosmonauticalSociety.com,Contact@RoyalCosmonauticalSociety.com
670160,http://b52team.blogspot.com/,http://b52team.blogspot.com/,kodes11@gmail.com
670610,http://www.swapsandtraps.com,http://www.swapsandtraps.com,elif@swapsandtraps.com
670730,http://www.tableflipgames.co.uk/sure-footing,http://www.tableflipgames.co.uk,support@tableflipgames.co.uk
670940,,,grifsnow@gmail.com
671180,,,elementals.reborn@gmail.com
671240,http://www.66rpg.com/index,http://www.66rpg.com/,tousu@66rpg.com
672710,http://www.toplitz-productions.com,,support@toplitz-productions.com
672720,,http://www.desktopgaming.net,support@desktopgaming.net
673260,http://neuronality.com/starblast.html,,contact@neuronality.com
673570,,,support@strategyfirst.com
675360,http://www.accelalove.com/,,csaccela@gmail.com
676070,https://twitter.com/Deydrihm,https://twitter.com/Deydrihm,derdeydrihm@gmail.com
676570,,http://coremedia.jp/,app@coremedia.jp
676960,http://www.teampea.com,http://www.teampea.com,support@teampea.com
677060,http://www.ntwostudio.com/,,support@ntwostudio.com
678190,,,admin@kingkeygames.com
678620,http://www.interplay.com,http://interplay.com/support/customer_service.php,
678820,,newrealitygames.co.uk,
681020,http://www.verdictstudiosllc.com/throne-of-the-dead.html,http://www.verdictstudiosllc.com/,verdictstudios@gmail.com
682660,,,matthew.palash@mail.ru
683790,http://ninjawhalestudios.com/Tractorball,http://ninjawhalestudios.com,support@ninjawhalestudios.com
686110,https://www.facebook.com/Heroes-Productions-1765254293766744/,https://www.facebook.com/Heroes-Productions-1765254293766744/,herosgame2018@gmail.com
687630,,http://www.momostorm.com/Website/ecb_forum/,support@momostorm.com
691020,,,rus.ancient@gmail.com
693400,,,TakingValhalla@gmail.com
694500,http://www.2k.com,support.2k.com,
696010,http://www.bigfishgames.com/games/6510/otherworld-shades-of-fall-ce/?pc,https://bigfishgames.custhelp.com/app/home,info@bigfishgames.com
697650,http://www.25thWard.com,http://store.nisamerica.com/contact-us,
700140,http://www.attackmountain.com,http://www.attackmountain.com,bugkill@attackmountain.com
700510,,http://rbio-game.lofter.com/,rbio_game@163.com
701730,http://yiandthethousandmoons.com/,http://usdivad.com/,hello@usdivad.com
702180,,,okerokey@gmail.com
702300,,,support@notusgames.com
702550,,,egorevengelp@mail.ru
702700,,https://www.konami.com/games/us/en/pages/support/,
702810,https://www.shootyskies.com,https://shootyskies.com/support.html,support@mightygamesgroup.com
703050,,http://kool2play.com,contact@kool2play.com
703180,http://www.outrightgames.com,https://www.outrightgames.com/,support@outrightgames.com
703320,http://www.2k.com,support.2k.com,
704880,,http://www.bacusstudios.com/,contact.us@bacusstudios.com
706130,https://www.farfromnoi.se/,https://www.georgebatchelor.com/,mail@georgebatchelor.com
706880,http://www.austentranslation.com,,support@worthingandmoncrieff.com
707220,,,echa.spb@gmail.com
708280,,http://www.thinkingbeargames.com,allen@tbgames.com.cn
708940,https://star-legion.com/rebons/,https://star-legion.com/rebons/,game.star.legion@gmail.com
709220,,,gamesdexion@gmail.com
709820,,,wastedpizzagame@gmail.com
710240,http://www.thesmartmelon.com,http://www.thesmartmelon.com,game@thesmartmelon.com
710540,http://alexseyvolonsky.xyz/,http://alexseyvolonsky.xyz/,dagestan.technology@gmail.com
711210,,,bitlockstudio@gmail.com
711390,,,n_patel@outlook.com
713220,http://www.alexhoratio.co.uk/,http://www.alexhoratio.co.uk/p/contact-me.html,
713320,https://atap.google.com/spotlight-stories/,https://support.google.com/faqs/answer/6261925,spotlight.stories.info@gmail.com
715310,https://www.urban-rivals.com/,https://www.urban-rivals.com/staff/contactus.php,contact@urban-rivals.com
715800,,,support@slitherine.co.uk
717820,http://www.playjustrun.com/boom-island,http://www.playjustrun.com/support.html,playjustrun@gmail.com
718250,http://wreckedanglestudios.com/,,wreckedangle@outlook.com.au
718940,,,davidliao082@gmail.com
720270,https://www.facebook.com/DefenseTaskForce/,https://discord.gg/44avGSZ,defensetaskforce@chillx.com
720470,,,snop2-dog23@mail.ru
721090,https://SKYBOX.XYZ/,https://skybox.xyz/support,SUPPORT@SKYBOX.XYZ
721480,,,madskillzvr@gmail.com
722010,,,n.e.vision.good@gmail.com
722180,http://surv1v3.com,http://surv1v3.com,
722760,,,admin@sapphiredragonproductions.com
723070,,http://,
723450,https://anpa.us,https://anpa.us,
725910,,,miniwitstudios@gmail.com
727850,http://elderborngame.com/,,support@crunchingkoalas.com
727860,http://spacequizapp.com/,http://www.littlesmartplanet.com/,soporte@littlesmartplanet.com
727900,http://www.tistartech.com,http://www.tistartech.com,xiaojiang28@qq.com
728870,http://www.fireballedstudio.com/,,fireballed.studio@gmail.com
730620,,,rewindappstudio@gmail.com
731430,http://www.playinfluence.com,http://www.playinfluence.com,
732370,https://www.facebook.com/JuicyRealm,https://www.facebook.com/JuicyRealm,indie@xindong.com
732430,https://superflightgame.com,https://superflightgame.com/contact,hellogrizzlygames@gmail.com
732800,https://turtlequest.wixsite.com/turtlequest,https://turtlequest.wixsite.com/turtlequest,spike.productions@outlook.com
733180,,,flyingfireco@gmail.com
733690,http://www.krgames.it/en/games/the-hospital-allisons-diary,http://www.krgames.it/en/contacts,support@krgames.it
734920,https://www.atomicbreath.com,https://www.atomicbreath.com,randomguy@atomicbreath.com
738500,http://www.parallaxgame.com,http://www.parallaxgame.com,danstarr13@gmail.com
738610,http://www.trainstationsimulator.com,http://www.trainstationsimulator.com,appliksapps@gmail.com
739780,https://sites.google.com/view/axerage/,https://discord.gg/hitcents,support@hitcents.com
740410,,,contact@entertainmentforge.com
740950,,,cesar.ottani@gmail.com
741120,,,rewindappstudio@gmail.com
742460,http://birdwallgames.com/,http://birdwallgames.com/,admin@birdwallgames.com
742470,,,dmitry.kozyr.ua@gmail.com
745650,,,tinyravengames@gmail.com
745890,,,heeroyuirh@163.com
746680,http://www.bitecore.com/games/bounce-rescue,http://www.bitecore.com/,support@bitecore.com
746840,http://www.artifexmundi.com/,,steam.support@artifexmundi.com
747620,https://spacemacegames.com/,,support@spacemacegames.com
747910,http://disassembly3d.com,http://disassembly3d.com,support@disassembly3d.com
748460,https://www.realflight.com/products/rf8/gpmz4550.php,https://www.realflight.com/support/index.php,
749040,,,devision.official@gmail.com
749220,,,alexeibelih@yandex.ru
749340,,http://store.steampowered.com/app/749340,blendergamez@gmail.com
752500,https://www.mushroomheroes.com/ghoulboy,https://www.mushroomheroes.com/contact,serkanbakar81@gmail.com
753630,http://www.refinishnetwork.com,,support@refinishnetwork.com
754000,http://rebotgame.gamesandapps.it/,http://rebotgame.gamesandapps.it/,rebotgame@gamesandapps.it
754160,,,beakless.chocobo@gmail.com
755450,http://azariagame.com,,support@unfgames.com
756200,https://www.deadlyseriousmediagames.com/,https://www.deadlyseriousmediagames.com/,support@deadlyseriousmedia.com
756350,,,warrensbestss@gmail.com
758080,http://bloodlust-shadowhunter.com/nemesis,http://www.bloodlust-shadowhunter.com/nemesis,wrfstudios@aol.com
760660,https://vk.com/narkogamess?w=product-138846599_1976283%2Fquery,https://vk.com/narkogamess,srun142@mail.ru
761660,,,steam@otakumaker.com
762930,http://mangagamer.org/supipara,http://mangagamer.com,support@mangagamer.com
763070,,,fur.gold.games@gmail.com
763090,,,steam@otakumaker.com
763200,,,andrew.augustine6@gmail.com
763430,,https://www.facebook.com/frontdefense/,fantahornvr@gmail.com
765400,,,mypersonalangel@protonmail.com
765610,,,rezercon@gmail.com
766620,http://playgambitheart.wordpress.com/,http://grizzlywolfgames.com/contact.html,feedback@grizzlywolfgames.com
767200,http://www.unicogamestudio.com/chinese-jigsaw-puzzle---inkpainting.html,http://www.unicogamestudio.com/chinese-jigsaw-puzzle---inkpainting.html,unicogamestudio@gmail.com
767500,,,kuredoyes@gmail.com
767810,https://www.amaze.us/,https://www.amazevr.com/,connect@amazevr.com
768580,http://twentycapitalletters.com/Witchball,,slclark@nyu.edu
769940,https://vk.com/public116891299,https://vk.com/public116891299,nazar.kozhukhar1999@gmail.com
770630,http://greedy-kid.com/,http://flying-oak.com/,
771410,,,YWNGTA@maximilian-ritters.de
773010,http://www.indiedb.com/games/hunahpu-quest-mechanoid,,altairgamest@gmail.com
773170,,,victorperico@gmail.com
775430,http://assassinscreed.ubisoft.com,http://support.ubi.com,
777130,https://sadpandastudios.com,,support@sadpandastudios.com
777380,http://desaccordart.com/page.html,http://desaccordart.com/page-2.html,
777580,http://misterttocs.com/games.html#ChampAgainstChumpsUpgradeEdition,,misterttocsgames@gmail.com
778590,,,indielip@mail.ru
778650,https://www.VolcanoTower.com,https://www.volcanotower.com,uglycakegames@gmail.com
778860,,,Laush97@mail.ru
779590,,,latham@yossman.net
780320,https://www.facebook.com/DigiMight,https://www.facebook.com/DigiMight,digimight@gmail.com
780630,http://www.tpagame.com,http://www.tpagame.com,support@luminositymobile.com
780710,https://www.facebook.com/Turret-Syndrome-770106976506025/?hc_ref=ARSfGtWmcPLpL5EjchQfsJgHiAVdNp_5O68n0CnafkJMmALmviKI8Pyyru1tUIUvUkc&amp;fref=nf,,turretsyndromehelp@gmail.com
781110,http://penumbra.games/lateron/,http://penumbra.games/lateron/,contact@penumbra.games
781260,,,info@pikointeractive.com
781480,http://techsupportgame.com/,http://techsupportgame.com/,info@dragonslumber.com
781670,,,ivlev.ae.work@mail.ru
781810,,http://store.steampowered.com/app/781810,crew.lab.sup@gmail.com
785950,,,xminutesgames@outlook.com
786120,http://cpsuperstore.pythonanywhere.com/en,http://cpsuperstore.pythonanywhere.com/,cpsuperstoreinc@gmail.com
786140,,https://sky-coding.com,
787440,https://steam.realfighting.me,https://steam.realfighting.me,steam.support@realfighting.me
787450,,http://www.pujia8.com,apps@pujia8.com
787840,http://blacksmiththegame.com/,blacksmiththegame.com,blacksmith@blacksmiththegame.com
788180,,,63901007@qq.com
789700,https://www.macproton.com,https://www.macproton.com,mail@macproton.com
790570,https://www.facebook.com/innocent.VR/,https://www.facebook.com/innocent.VR/,bd@ninedvr.com
791180,http://returntoadventuremountain.com/,http://returntoadventuremountain.com,support@returntoadventuremountain.com
791970,https://store.steampowered.com/curator/33045467,https://store.steampowered.com/curator/33045467,support@vtpublishing.com
792060,https://steam.realfighting.me,http://realfighting.me/,steam.support@realfighting.me
792800,http://www.adventuresofhendri.co.za,http://www.adventuresofhendri.co.za/,
793240,,,mail@educational-games.ru
793620,,,virhex.help@gmail.com
794050,,,support@blackfoxent.com
796130,,,laushds@gmail.com
796770,http://toddlersimulator.com/,,support@toddlersimulator.com
796930,https://b-m.facebook.com/NeonSpaceboard/,https://b-m.facebook.com/NeonSpaceboard/,fjimenez.x1@gmail.com
799080,https://www.rokapublish.de,,support@rokapublish.de
799460,http://www.armadillogamestudios.com/,,parkerolson@armadillogamestudios.com
799910,,,support@headshotlabs.com
801610,,http://www.amigo-vr.com,marketing@amigo-vr.com
802080,https://jakubklementewicz.com/,https://jakubklementewicz.com/,
802130,http://btt.q-prod.net,http://btt-bug-tracker.q-prod.net/bug_report_page.php,qualzz20@gmail.com
802310,http://www.appnori.com/,http://www.appnori.com/,appnori@gmail.com
802660,,,ghostnikitaeagle@gmail.com
803800,http://tripeaks.net,https://m.me/WideCrossMOBA,gngadmin@gamengame.com
804700,http://mangagamer.org/fatamorgana/,,support@mangagamer.com
807770,http://www.newwestgames.com,http://www.newwestgames.com,info@newwestgames.com
807890,http://wonderboxgames.com,http://wonderboxgames.com,support@wonderboxgames.com
808120,https://appadvice.com/app/anark-io/1293135181,http://pinpinteam.com/support/,
809540,https://www.doblepunchgames.com,https://www.doblepunchgames.com,doblepunchgames@gmail.com
810220,http://www.galbro.co.kr,http://www.galbro.co.kr,cs@galbro.co.kr
810540,,,lisovenko.95@gmail.com
810770,,,whitedogapp@gmail.com
812430,,https://twitter.com/aliceledge_cg,aliceledge@gmail.com
812980,http://postworldgame.com/,,info@postworldgame.com
813650,https://www.playcademy.com/?download=runefall,https://www.playcademy.com/,info@mad-data.com
814140,https://playungaming.wixsite.com/nuclear2050,https://playungaming.wixsite.com/nuclear2050,playun.sup@gmail.com
814190,,https://www.facebook.com/andrey.antonets.58,drux1997@gmail.com
815290,,,princegamestudio@gmail.com
816180,,,ghostnikitaeagle@gmail.com
817510,,http://www.majorariatto.com/,contact@majorariatto.com
819020,,,support-zaz@spike-chunsoft.co.jp
819060,,,mahalobay@gmail.com
820500,http://www.tisnart.com/tisnart-shapes.html,,tisnartshapes@tisnart.com
821480,,,jbruce1961@bresnan.net
821500,,,xkrrnrhd3364@naver.com
822530,https://vk.com/artalasky,https://www.youtube.com/user/SkybladeRus,denskymoney@yandex.ru
823310,,https:://www.niasoft.com,contact@niasoft.com
823690,,www.dexterstudios.com,vr@dexterstudios.com
824720,,,maciejkuzianik@gmail.com
827520,,,uf_support@firevector.com
828090,,https://github.com/HMBSbige,hl3@protonmail.com
828160,http://www.rossprogrammproduct.com/,http://www.rossprogrammproduct.com/,
830750,http://www.poker-simulator.de/,http://www.poker-simulator.de/,info@poker-simulator.de
831530,https://www.ragequit.studio/,https://www.ragequit.studio/,contact@ragequit.studio
834760,http://hamumu.com/,http://hamumu.com,support@hamumu.com
836420,http://kusoge100.php.xdomain.jp/JapanesePressSite/sheet.php?p=BeginnersGame,,KusogeMuseum@gmail.com
836540,http://www.alawar.com,http://www.alawar.com,steam@alawar.com
838840,http://www.onlyhumanstudios.net/secret-of-harrow-manor,https://www.facebook.com/groups/651168961884742/,ensignone@gmail.com
839040,https://www.ugameme.com,https://www.ugameme.com,
839560,,,bedtimephobias@gmail.com
840270,,,DerDokter94@gmail.com
840700,,,inbox.228@mail.com
841420,,http://www.dagestantechnology.ru/,dagestan.technology@gmail.com
842750,https://aquadiun.com/,https://aquadiun.com/,devs@aquadiun.com
845870,https://www.facebook.com/Black_Faith-1916222778690006/,https://www.facebook.com/Black_Faith-1916222778690006/,
846050,http://www.silentdepth.com,http://www.silentdepth.com,martin.leidel@gmail.com
846440,,http://drunkenapes.wixsite.com/drunkenapesgames,drunkenapesgames@gmail.com
846670,http://yamayuri.games/ss10d/,http://yamayuri.games/ss10d/,soysauce@yamayuri.vip
849980,http://kedronic.com/cbn#dinosaurs,http://kedronic.com/#contact,support@kedronic.com
850060,,http://www.blg-publishing.com,support@blg-publishing.com
851110,https://www.facebook.com/idleracingGO,http://t-bull.com/#contact,contact@t-bull.com
852340,http://www.raresloth.com,https://www.raresloth.com/support/,sloths@raresloth.com
854400,http://3wgamestudio.com,contact@noen.com,
855800,https://www.weareminority.com,https://www.weareminority.com,support@weareminority.com
856380,http://speedsparkstudio.com/,http://speedsparkstudio.com,support@speedsparkstudio.com
856540,,https://simpanen.carbonmade.com,
856880,http://bit.ly/TMGdevblog,,minion@tinmangames.com.au
857510,,,rewindappstudio@gmail.com
857790,,https://www.facebook.com/firehawkstudios/,serdar.ates.34@gmail.com
857850,https://www.facebook.com/DwarfDefense/,,samh1@comcast.net
858420,,,ripknotsystemsllc@gmail.com
859560,,,davidejensen@live.it
859920,,http://bigcodegames.com/contact/,info@bigcodegames.com
860380,https://store.steampowered.com/curator/33045467,https://store.steampowered.com/curator/33045467,support@vtpublishing.com
860570,,,support@gamenesis.com
860590,http://www.security16bit.com/entry/missiledancer,http://www.security16bit.com/entry/missiledancer,contact@security16bit.com
860660,,http://spotlight.deck13.com/,
861000,,,Andrew_Larionov@mail.ru
861210,http://www.amaxang-games.com/2015/01/gaze-at-maze-game-purchase-full-version.html,http://www.amaxang-games.com/p/blog-page.html,help.amaxang.games@gmail.com
863570,https://www.puatraining.com/superseducer,https://www.richardlrcoaching.com/contact/,superseducersupport@puatraining.com
864740,http://labyronia.wixsite.com/labyroniaelements/labyronia-saga,,xarlamia@gmail.com
864920,https://www.classyyak.com/projects/,https://tapcats.zendesk.com/hc/en-us,tapcats@screenzilla.com
865270,,https://happysnakegames.itch.io/support-page,happysnakegamescontact@gmail.com
865720,http://www.torntales.com,,support@chilledmouse.com
865930,http://bqm.blk-quest.com/,http://bqm.blk-quest.com/,contact@gameragame.com
865980,http://www.bossgard.com,http://www.bossgard.com,support@sandsailorstudio.com
867140,,,afbikstudio@mail.ru
867490,http://kokoko-soft.x0.com/,,steamsupport@dlsite.com
869320,,,CrySmith@mail.ru
869570,,http://www.dagestantechnology.ru/,dagestan.technology@gmail.com
870450,http://tapteek.com/fobia/,tapteel.com,hello@tapteel.com
870730,http://www.phr00t.com/,http://www.phr00t.com/,phr00t@gmail.com
870750,,,cowcorporation@yahoo.com
871450,,http://www.dagestantechnology.ru/,dagestan.technology@gmail.com
871470,,http://www.dagestantechnology.ru/,dagestan.technology@gmail.com
872000,,,zverrzibrik8@gmail.com
872690,https://www.funkykarts.rocks/,,hello@funkykarts.rocks
874090,http://motherboard.tv/jaguars,,fezz@occupiedvr.com
874690,,https://info.endwise.io,games@endwise.io
876890,,antizero87@gmail.com,antizero87@gmail.com
878280,,,goobergamedev@gmail.com
878470,,steamcommunity.com/id/mastermindfin,tero.lunkka@gmail.com
879270,,http://jespersb.com/,jespersb@jespersb.com
879290,https://WyvernWare.net,https://Wyvernware.net/contact,contact@Wyvernware.net
881060,,badlogicstudios.com,support@badlogicstudios.com
881170,,,onblindtm@gmail.com
882600,,,ahmet@aslangamestudio.com
882990,,,factory64games@gmail.com
883220,,,moshe.linke@googlemail.com
883560,http://www.gembasher.com,https://gembasher.com,gembasher@protonmail.com
884960,http://www.braingoodgames.com/,http://www.braingoodgames.com,braingoodgames@gmail.com
885180,https://nightdreamsstudio.com/,https://nightdreamsstudio.com/,support@nightdreamsstudio.com
885590,,,dvidaae@gmail.com
887370,https://www.element-space.com,https://www.incagames.com,info@incagames.com
887400,https://www.pieonaplateproductions.com/theggmt/,https://www.pieonaplateproductions.com/contact/,contact@pieonaplateproductions.com
887750,,,zakosgames@gmail.com
888040,https://www.nightdivestudios.com,https://www.nightdivestudios.com,support@nightdivestudios.com
889040,http://www.flyleapstudios.com,http://www.flyleapstudios.com,press@flyleapstudios.com
889320,,https://vk.com/decencyg,aventysteam@mail.ru
889760,,,yangzhi40@hotmail.com
890210,,http://www.yashfuturetech.com,support@yftstudios.com
891470,https://www.softwaves.com.br/p/fallingblocks.html,https://www.softwaves.com.br/p/fallingblocks.html,game.softwaves@gmail.com
891650,http://slygames.ru/vegetable-couple,http://slygames.ru/,help@slygames.ru/
892880,,https://store.steampowered.com/app/892880,blendergamez@gmail.com
894340,,https://discord.gg/HfvNAna,aaagames@aaagames.cz
895610,https://wellbredrhino.com/wheresbaby/,https://wellbredrhino.com/wheresbaby/,wellbredrhino@gmail.com
897100,http://www.escapeblackorion.com,,info@pulsestudio.com
897330,,https://www.toastielabs.co.uk/,
897440,http://www.kaguragames.com,http://www.kaguragames.com,info@kaguragames.com
897630,,,ritualgamesdev@gmail.com
899340,,,mendelgamehelp@gmail.com
900020,,https://www.appholdings.org/,help@foxiegames.com
903640,,,Palfreygames@gmail.com
904130,http://ominous-entertainment.com/defense%3A-abominations,,support@ominous-entertainment.com
904560,,,frogbros100@gmail.com
904600,https://www.facebook.com/proximitygames/,https://www.facebook.com/proximitygames/,hopeless_23@hotmail.com
904800,,,henrydangprg@gmail.com
905640,https://combatarms-r.valofe.com/,https://vfun.valofe.com/customer/support?service_code=ca_reloaded,support.combatarms@valofe.com
906020,http://steam.action-portal.com,http://steam.action-portal.com,steam.support@action-portal.com
906110,,http://www.yakyak.org/viewtopic.php?f=40&amp;t=87834,
906730,https://twitter.com/Tsunami__Games,https://twitter.com/Tsunami__Games,
907210,http://www.kaguragames.com,http://www.kaguragames.com,info@kaguragames.com
908150,,,BokodileTec@programmer.net
908960,,,gamebringer@hotmail.com
909020,https://tieba.baidu.com/f?kw=%C3%FC%D4%CB%CA%C0%BD%D9%B0%C9,https://tieba.baidu.com/f?kw=%C3%FC%D4%CB%CA%C0%BD%D9%B0%C9,hxjhxzz0513@outlook.com
909580,,,rewindappstudio@gmail.com
910230,https://ratwrathstudios.com/,https://ratwrathstudios.com/,
910730,https://www.fal-works.com/solid-aether/,,contact@fal-works.com
911120,https://terakorp.net/,https://terakorp.net/,contact@terakorp.net
912390,http://www.greathelm.com/#dismantle-construct-carnage-1-section,https://steamcommunity.com/app/912390/,
912580,,https://twitter.com/TeamWM1?lang=ko,teamwmofficial@gmail.com
913120,,,445788247@qq.com
913300,,,smalltail@bk.ru
914050,http://gamealchemists.com/,https://gamealchemists.com,support@gamealchemists.com
914160,,https://steamcommunity.com/app/914160/discussions/,
916010,http://www.hunterjonakin.com,http://hunterjonakin.com/index.php,
916060,http://en.frontwing.jp/,,ask@frontwing.co.jp
916880,,,ripknotsystemsllc@gmail.com
916970,,,sheissunSteam@hotmail.com
920190,,,AmberskullContact@gmail.com
920620,https://ghostingames.com/,https://ghostingames.com/,jdaltaire@gmail.com
924780,https://eroolia.roseverte.net/song/en/,https://roseverte.net/esupport.html,support@roseverte.net
926070,,https://bigfishgames.zendesk.com/hc/en-us/,info@bigfishgames.com
926170,http://www.studiogoya.co/achromatic,,nick@studiogoya.co
927190,,http://www.DollofResurrectiongame.com,2994971871@qq.com
929020,https://www.choiceofgames.com/,https://www.choiceofgames.com/contact-us/,support-toaster-steam@hostedgames.org
930650,https://jgasson16.wixsite.com/parkourpolygon,,jgasson16@gmail.com
932150,https://wwtf.ch/,,yarrrgstudios@gmail.com
932420,http://russpuppy.com,http://russpuppy.com,info@russpuppy.com
932980,http://axisleague.com,http://axisleague.com/support/,danny@axisgamesonline.com
933050,,,shardcien@gmail.com
935930,,,checkmaty@hotmail.com
938300,https://cuberpunk2089.brouillard.ru/,,brouillardgames@gmail.com
939000,,http://sumalab.com,sumalab@sumalab.com
940810,https://www.facebook.com/8FloorGames/,https://www.facebook.com/8FloorGames,mikhail.zverev@8floor.net
941120,https://www.protoriastudios.com/optimumlink,https://www.protoriastudios.com/support,protoriastudios@gmail.com
942020,http://grimmtonic.com,,ghenry@spritewrench.com
942900,http://fstoke.me/goblinxshop/,http://facebook.com/goblinxshop,cyclops.workshop@gmail.com
943130,http://cattlecallthegame.com,http://cattlecallthegame.com,zsolt.tatrai@funnyanglegames.com
945360,http://innersloth.com/gameAmongUs.php,,us@innersloth.com
945820,,http://www.bakno.com/Support/index.html,info@bakno.com
947400,http://doodlegod.com,http://support.joybits.org,support@joybits.org
947490,http://www.jamstudiovr.com,,info@thebeamz.com
948100,,,diehardtales@gmail.com
949810,,,sandbankstudiosltd@gmail.com
949830,,dantitner@gmail.com,dantitner@gmail.com
951160,,,tornadogames.contact@gmail.com
953760,,http://www.ezekiel-rage.com/,
953990,,,allmyskys@gmail.com
955890,http://www.mgcro.com/game/wp/,http://www.mgcro.com/game/wp/,megicroomstudio@gmail.com
956280,,https://dandydino.studio,support@dandydino.studio
956450,,,pixelforgegamesinc@gmail.com
959930,https://essencystudios.com,https://essencystudios.com/contact/,phineascarb@gmail.com
960040,http://www.clashofchefsvr.com,http://www.clashofchefsvr.com,contact@flathillgames.com
961110,https://www.facebook.com/PrixelGame/,,wryukeng@gmail.com
963110,https://steam.nightdreamsstudio.com,https://nightdreamsstudio.com/,support@nightdreamsstudio.com
963930,https://www.contractorsvr.com,https://www.contractorsvr.com/contact-1,cavemangamestudio@gmail.com
964170,,,pigmeugame@gmail.com
965060,https://nightdreamsstudio.com/,https://nightdreamsstudio.com/,support@nightdreamsstudio.com
965320,https://www.thesettlers-alliance.com/,http://support.ubi.com,
965830,,https://crankagegames.com/,
966450,,,martythezebra24@gmail.com
968820,http://specialbit.com,http://specialbit.com/contacts/,support@specialbit.com
970030,,http://www.graphiumstudios.com/,contacts@graphiumstudios.com
971130,,,anubis.challenge@gmail.com
974860,http://nervtek.com,,support@nervtek.com
975050,https://tieba.baidu.com/p/5314925185?pid=111767613952&amp;cid=0&amp;red_tag=3500770659#111767613952,http://www.0cube.net,1264532114@qq.com
975410,http://vestige-vr.com/,http://vestige-vr.com/,vestige@nsccreative.com
976230,,https://tobaeclark.wixsite.com/mysite,tobaeclark@gmail.com
976320,,,aliturgut@outlook.com
978920,,https://www.ragiva-games.com,contact@ragiva-games.com
979320,,,DerDokter94@gmail.com
982770,http://miagames.net/en/hir-corruption,https://www.facebook.com/miabcgames/,
983230,,,milanaozdieva@yandex.ru
985770,http://www.notimestudios.com/#artilleryglobe,http://www.notimestudios.com/#artilleryglobe,info@notimestudios.com
986280,http://www.narrator.tw/fleur_lily/,https://www.facebook.com/narratorsgame/,narrator@hotmail.com.tw
987740,,,Andrew_Larionov@mail.ru
987800,http://stephenmiller.hu/development/candyventure/,www.stephenmiller.hu,support@stephenmiller.hu
987980,http://index.lightsecond.top/,http://index.lightsecond.top/,1517198298@qq.com
988250,http://towerhex.com,http://towerhex.com,info@towerhex.com
989070,,,milanaozdieva@yandex.ru
990640,http://www.fobti-interactive.com,http://www.fobti-interactive.com,support@fobti-interactive.com
991230,,,laushds@gmail.com
992720,https://store.steampowered.com/app/992720,https://steamcommunity.com/app/992720/discussions/,
993430,https://vk.com/owlsimulator,https://vk.com/owlsimulator,1bestgs@gmail.com
993690,,,info.hammergames@gmail.com
994220,,https://steamcommunity.com/groups/neoverse,tino.cs@tinogamez.com
995000,http://www.Storming-Tech.com,https://www.storming-tech.com/contact-us,StormingTech.info@gmail.com
997260,,,mcharguejp@gmail.com
997600,,,ltrust48@mail.ru
998220,,,steamsupport@dlsite.com
1000100,http://0709.noor.jp/etc,,support@starshipstudio.org
1001200,https://www.waywaystudio.com/,www.waywaystudio.com,waywaygroup@gmail.com
1001570,http://reframegames.com/guide/,http://reframegames.com/guide/index.php/contact/,reframegamesinc@gmail.com
1002270,,https://vk.com/koker007,
1002690,,https://discord.gg/6CPehaG,shinyvacationstudio@gmail.com
1002950,https://weibo.com/u/5498806890,https://weibo.com/u/5498806890,zhangyupublic@126.com
1004570,https://bluerichter.com,https://bluerichter.com,bluerichters@gmail.com
1005050,http://www.gamehouseoriginalstories.com,https://www.gamehouseoriginalstories.com/contact-us,steam-support@gamehouse.com
1006190,,,dreamverseentertainmenthelp@gmail.com
1008320,,,support@gamepublishing.de
1009030,,,support@riovox.com
1010000,,https://softwing.co.kr/,customer@softwing.co.kr
1010950,,https://vk.com/nifedowgames,
1013120,,,peachwangzi@hotmail.com
1014130,,,admin@jitsumi.com
1014420,,,blind.date.steam@gmail.com
1020940,,,contact@owynsadventure.com
1020980,,http://www.graphiumstudios.com/,contacts@graphiumstudios.com
1022530,,http://flyhighworks.heteml.jp/games/,
1022920,https://twoclusters.com/games/two-clusters-kain-mv,https://twoclusters.com/games,
1024450,,,youseok@k3i.co.kr
1024780,,,romanovskii.roman@mail.ru
1024860,https://www.facebook.com/groups/2105005546429221/,https://www.facebook.com/groups/2105005546429221/,slavenbar@mail.ru
1026030,,https://www.facebook.com/StarSystemStudiosTM/,starsystemstudios@gmail.com
1029040,,https://twitter.com/ShotgunAnaconda,shotgunanacondadev@gmail.com
1031770,http://evagames.ru/games/warrior_of_hinora.php,,help@evagames.ru
1032140,,http://stegobubbles.com,stegobubbles@gmail.com
1034120,,,help_steam_00@mail.ru
1034830,http://www.newgameandsoftware.com/,http://www.newgameandsoftware.com/,newgameandsoftware@gmail.com
1038240,http://rainysoft.cc,http://rainysoft.cc,support@rainysoft.cc
1042150,,https://store.steampowered.com/app/1042150,blendergamez@gmail.com
1042230,https://spidamoo.games,,zeta@spidamoo.ru
1045130,https://cse.fi/referenssit/raatihuone/,www.cse.fi,info@cse.fi
1046240,,,jooomly@gmail.com
1050690,,,fangzhuangame@163.com
1052220,,,support@anvate.com
1053300,,http://azimut-games.ru/,info@azimut-games.ru
24800,,,
41600,,,
