appid,header_image
340,https://steamcdn-a.akamaihd.net/steam/apps/340/header.jpg?t=1530046348
1600,https://steamcdn-a.akamaihd.net/steam/apps/1600/header.jpg?t=1447350835
3510,https://steamcdn-a.akamaihd.net/steam/apps/3510/header.jpg?t=1447351196
3710,https://steamcdn-a.akamaihd.net/steam/apps/3710/header.jpg?t=1478600057
3820,https://steamcdn-a.akamaihd.net/steam/apps/3820/header.jpg?t=1525292573
4230,https://steamcdn-a.akamaihd.net/steam/apps/4230/header.jpg?t=1478078220
8600,https://steamcdn-a.akamaihd.net/steam/apps/8600/header.jpg?t=1478078194
9480,https://steamcdn-a.akamaihd.net/steam/apps/9480/header.jpg?t=1533712729
12340,https://steamcdn-a.akamaihd.net/steam/apps/12340/header.jpg?t=1478073105
12470,https://steamcdn-a.akamaihd.net/steam/apps/12470/header.jpg?t=1447352266
15390,https://steamcdn-a.akamaihd.net/steam/apps/15390/header.jpg?t=1544535852
15750,https://steamcdn-a.akamaihd.net/steam/apps/15750/header.jpg?t=1548161121
19020,https://steamcdn-a.akamaihd.net/steam/apps/19020/header.jpg?t=1468523350
20530,https://steamcdn-a.akamaihd.net/steam/apps/20530/header.jpg?t=1533041403
21500,https://steamcdn-a.akamaihd.net/steam/apps/21500/header.jpg?t=1447351489
23600,https://steamcdn-a.akamaihd.net/steam/apps/23600/header.jpg?t=1536792253
24800,https://steamcdn-a.akamaihd.net/steam/apps/24800/header.jpg?t=1447352543
25000,https://steamcdn-a.akamaihd.net/steam/apps/25000/header.jpg?t=1513937582
31860,https://steamcdn-a.akamaihd.net/steam/apps/31860/header.jpg?t=1489614982
32200,https://steamcdn-a.akamaihd.net/steam/apps/32200/header.jpg?t=1447352565
34190,https://steamcdn-a.akamaihd.net/steam/apps/34190/header.jpg?t=1522076232
34810,https://steamcdn-a.akamaihd.net/steam/apps/34810/header.jpg?t=1551951889
35600,https://steamcdn-a.akamaihd.net/steam/apps/35600/header.jpg?t=1478100887
36300,https://steamcdn-a.akamaihd.net/steam/apps/36300/header.jpg?t=1447352908
37000,https://steamcdn-a.akamaihd.net/steam/apps/37000/header.jpg?t=1485279218
37240,https://steamcdn-a.akamaihd.net/steam/apps/37240/header.jpg?t=1447352391
37270,https://steamcdn-a.akamaihd.net/steam/apps/37270/header.jpg?t=1447352394
37960,https://steamcdn-a.akamaihd.net/steam/apps/37960/header.jpg?t=1447352428
38070,https://steamcdn-a.akamaihd.net/steam/apps/38070/header.jpg?t=1447352794
39520,https://steamcdn-a.akamaihd.net/steam/apps/39520/header.jpg?t=1533042210
41070,https://steamcdn-a.akamaihd.net/steam/apps/41070/header.jpg?t=1555500494
41600,https://steamcdn-a.akamaihd.net/steam/apps/41600/header.jpg?t=1447352695
47810,https://steamcdn-a.akamaihd.net/steam/apps/47810/header.jpg?t=1447353666
50300,https://steamcdn-a.akamaihd.net/steam/apps/50300/header.jpg?t=1532333777
55230,https://steamcdn-a.akamaihd.net/steam/apps/55230/header.jpg?t=1490283037
63500,https://steamcdn-a.akamaihd.net/steam/apps/63500/header.jpg?t=1541513464
63800,https://steamcdn-a.akamaihd.net/steam/apps/63800/header.jpg?t=1447353542
65800,https://steamcdn-a.akamaihd.net/steam/apps/65800/header.jpg?t=1553796536
105800,https://steamcdn-a.akamaihd.net/steam/apps/105800/header.jpg?t=1484545545
108210,https://steamcdn-a.akamaihd.net/steam/apps/108210/header.jpg?t=1490375454
113020,https://steamcdn-a.akamaihd.net/steam/apps/113020/header.jpg?t=1529598648
205090,https://steamcdn-a.akamaihd.net/steam/apps/205090/header.jpg?t=1478114875
205840,https://steamcdn-a.akamaihd.net/steam/apps/205840/header.jpg?t=1447355271
214150,https://steamcdn-a.akamaihd.net/steam/apps/214150/header.jpg?t=1532976769
214970,https://steamcdn-a.akamaihd.net/steam/apps/214970/header.jpg?t=1447356080
215280,https://steamcdn-a.akamaihd.net/steam/apps/215280/header.jpg?t=1549637468
215710,https://steamcdn-a.akamaihd.net/steam/apps/215710/header.jpg?t=1447356158
216090,https://steamcdn-a.akamaihd.net/steam/apps/216090/header.jpg?t=1467142292
217790,https://steamcdn-a.akamaihd.net/steam/apps/217790/header.jpg?t=1551951738
218020,https://steamcdn-a.akamaihd.net/steam/apps/218020/header.jpg?t=1447356384
218680,https://steamcdn-a.akamaihd.net/steam/apps/218680/header.jpg?t=1454964134
219680,https://steamcdn-a.akamaihd.net/steam/apps/219680/header.jpg?t=1447356537
222180,https://steamcdn-a.akamaihd.net/steam/apps/222180/header.jpg?t=1447356743
224480,https://steamcdn-a.akamaihd.net/steam/apps/224480/header.jpg?t=1547496605
224740,https://steamcdn-a.akamaihd.net/steam/apps/224740/header.jpg?t=1477517969
227940,https://steamcdn-a.akamaihd.net/steam/apps/227940/header.jpg?t=1553867096
230150,https://steamcdn-a.akamaihd.net/steam/apps/230150/header.jpg?t=1447357291
236730,https://steamcdn-a.akamaihd.net/steam/apps/236730/header.jpg?t=1549526722
238090,https://steamcdn-a.akamaihd.net/steam/apps/238090/header.jpg?t=1553091240
246980,https://steamcdn-a.akamaihd.net/steam/apps/246980/header.jpg?t=1508404341
247240,https://steamcdn-a.akamaihd.net/steam/apps/247240/header.jpg?t=1502724769
248310,https://steamcdn-a.akamaihd.net/steam/apps/248310/header.jpg?t=1519017288
248820,https://steamcdn-a.akamaihd.net/steam/apps/248820/header.jpg?t=1541784790
252890,https://steamcdn-a.akamaihd.net/steam/apps/252890/header.jpg?t=1478620473
253390,https://steamcdn-a.akamaihd.net/steam/apps/253390/header.jpg?t=1525125621
254300,https://steamcdn-a.akamaihd.net/steam/apps/254300/header.jpg?t=1527596741
254590,https://steamcdn-a.akamaihd.net/steam/apps/254590/header.jpg?t=1480965981
254960,https://steamcdn-a.akamaihd.net/steam/apps/254960/header.jpg?t=1472037763
257170,https://steamcdn-a.akamaihd.net/steam/apps/257170/header.jpg?t=1447358900
257850,https://steamcdn-a.akamaihd.net/steam/apps/257850/header.jpg?t=1500086492
260080,https://steamcdn-a.akamaihd.net/steam/apps/260080/header.jpg?t=1478025980
260130,https://steamcdn-a.akamaihd.net/steam/apps/260130/header.jpg?t=1447359202
261510,https://steamcdn-a.akamaihd.net/steam/apps/261510/header.jpg?t=1554202871
261640,https://steamcdn-a.akamaihd.net/steam/apps/261640/header.jpg?t=1554513967
261740,https://steamcdn-a.akamaihd.net/steam/apps/261740/header.jpg?t=1447359343
262120,https://steamcdn-a.akamaihd.net/steam/apps/262120/header.jpg?t=1455739267
262850,https://steamcdn-a.akamaihd.net/steam/apps/262850/header.jpg?t=1490192447
262940,https://steamcdn-a.akamaihd.net/steam/apps/262940/header.jpg?t=1489064341
263180,https://steamcdn-a.akamaihd.net/steam/apps/263180/header.jpg?t=1447359401
264730,https://steamcdn-a.akamaihd.net/steam/apps/264730/header.jpg?t=1548172667
265610,https://steamcdn-a.akamaihd.net/steam/apps/265610/header.jpg?t=1448767949
266150,https://steamcdn-a.akamaihd.net/steam/apps/266150/header.jpg?t=1542229401
269650,https://steamcdn-a.akamaihd.net/steam/apps/269650/header.jpg?t=1549289236
271570,https://steamcdn-a.akamaihd.net/steam/apps/271570/header.jpg?t=1447359976
273750,https://steamcdn-a.akamaihd.net/steam/apps/273750/header.jpg?t=1447360130
274940,https://steamcdn-a.akamaihd.net/steam/apps/274940/header.jpg?t=1551126973
275310,https://steamcdn-a.akamaihd.net/steam/apps/275310/header.jpg?t=1447360197
275490,https://steamcdn-a.akamaihd.net/steam/apps/275490/header.jpg?t=1447360206
276220,https://steamcdn-a.akamaihd.net/steam/apps/276220/header.jpg?t=1536740589
276300,https://steamcdn-a.akamaihd.net/steam/apps/276300/header.jpg?t=1540457636
276340,https://steamcdn-a.akamaihd.net/steam/apps/276340/header.jpg?t=1540456297
277500,https://steamcdn-a.akamaihd.net/steam/apps/277500/header.jpg?t=1528357334
279070,https://steamcdn-a.akamaihd.net/steam/apps/279070/header.jpg?t=1527089875
280680,https://steamcdn-a.akamaihd.net/steam/apps/280680/header.jpg?t=1548473873
280930,https://steamcdn-a.akamaihd.net/steam/apps/280930/header.jpg?t=1478112442
281580,https://steamcdn-a.akamaihd.net/steam/apps/281580/header.jpg?t=1447360507
282400,https://steamcdn-a.akamaihd.net/steam/apps/282400/header.jpg?t=1490951076
282760,https://steamcdn-a.akamaihd.net/steam/apps/282760/header.jpg?t=1447360592
283310,https://steamcdn-a.akamaihd.net/steam/apps/283310/header.jpg?t=1530529931
284100,https://steamcdn-a.akamaihd.net/steam/apps/284100/header.jpg?t=1487698153
284220,https://steamcdn-a.akamaihd.net/steam/apps/284220/header.jpg?t=1468456681
284730,https://steamcdn-a.akamaihd.net/steam/apps/284730/header.jpg?t=1530538699
284970,https://steamcdn-a.akamaihd.net/steam/apps/284970/header.jpg?t=1447360722
287020,https://steamcdn-a.akamaihd.net/steam/apps/287020/header.jpg?t=1466791048
290040,https://steamcdn-a.akamaihd.net/steam/apps/290040/header.jpg?t=1525367023
290470,https://steamcdn-a.akamaihd.net/steam/apps/290470/header.jpg?t=1553835610
291070,https://steamcdn-a.akamaihd.net/steam/apps/291070/header.jpg?t=1447361061
291190,https://steamcdn-a.akamaihd.net/steam/apps/291190/header.jpg?t=1492887945
291480,https://steamcdn-a.akamaihd.net/steam/apps/291480/header.jpg?t=1556193432
292060,https://steamcdn-a.akamaihd.net/steam/apps/292060/header.jpg?t=1447361130
292910,https://steamcdn-a.akamaihd.net/steam/apps/292910/header.jpg?t=1524051835
293600,https://steamcdn-a.akamaihd.net/steam/apps/293600/header.jpg?t=1478536636
294370,https://steamcdn-a.akamaihd.net/steam/apps/294370/header.jpg?t=1447361293
294860,https://steamcdn-a.akamaihd.net/steam/apps/294860/header.jpg?t=1522073004
296890,https://steamcdn-a.akamaihd.net/steam/apps/296890/header.jpg?t=1472304377
300040,https://steamcdn-a.akamaihd.net/steam/apps/300040/header.jpg?t=1499871467
300300,https://steamcdn-a.akamaihd.net/steam/apps/300300/header.jpg?t=1447361780
301970,https://steamcdn-a.akamaihd.net/steam/apps/301970/header.jpg?t=1556233847
302310,https://steamcdn-a.akamaihd.net/steam/apps/302310/header.jpg?t=1546476385
304050,https://steamcdn-a.akamaihd.net/steam/apps/304050/header.jpg?t=1545363368
304410,https://steamcdn-a.akamaihd.net/steam/apps/304410/header.jpg?t=1473001560
307340,https://steamcdn-a.akamaihd.net/steam/apps/307340/header.jpg?t=1447362271
307930,https://steamcdn-a.akamaihd.net/steam/apps/307930/header.jpg?t=1549965536
310070,https://steamcdn-a.akamaihd.net/steam/apps/310070/header.jpg?t=1555064100
310460,https://steamcdn-a.akamaihd.net/steam/apps/310460/header.jpg?t=1450878580
311140,https://steamcdn-a.akamaihd.net/steam/apps/311140/header.jpg?t=1524559572
311310,https://steamcdn-a.akamaihd.net/steam/apps/311310/header.jpg?t=1554113845
311720,https://steamcdn-a.akamaihd.net/steam/apps/311720/header.jpg?t=1488658574
314120,https://steamcdn-a.akamaihd.net/steam/apps/314120/header.jpg?t=1447362700
314180,https://steamcdn-a.akamaihd.net/steam/apps/314180/header.jpg?t=1550481015
314220,https://steamcdn-a.akamaihd.net/steam/apps/314220/header.jpg?t=1530865855
314320,https://steamcdn-a.akamaihd.net/steam/apps/314320/header.jpg?t=1447362716
315060,https://steamcdn-a.akamaihd.net/steam/apps/315060/header.jpg?t=1492343053
315670,https://steamcdn-a.akamaihd.net/steam/apps/315670/header.jpg?t=1447362821
315930,https://steamcdn-a.akamaihd.net/steam/apps/315930/header.jpg?t=1447362848
316600,https://steamcdn-a.akamaihd.net/steam/apps/316600/header.jpg?t=1500959850
317290,https://steamcdn-a.akamaihd.net/steam/apps/317290/header.jpg?t=1447363017
318650,https://steamcdn-a.akamaihd.net/steam/apps/318650/header.jpg?t=1447363188
319280,https://steamcdn-a.akamaihd.net/steam/apps/319280/header.jpg?t=1447363276
320110,https://steamcdn-a.akamaihd.net/steam/apps/320110/header.jpg?t=1447363354
320330,https://steamcdn-a.akamaihd.net/steam/apps/320330/header.jpg?t=1555487191
321150,https://steamcdn-a.akamaihd.net/steam/apps/321150/header.jpg?t=1447363465
321660,https://steamcdn-a.akamaihd.net/steam/apps/321660/header.jpg?t=1447363515
321830,https://steamcdn-a.akamaihd.net/steam/apps/321830/header.jpg?t=1450433843
324170,https://steamcdn-a.akamaihd.net/steam/apps/324170/header.jpg?t=1485965037
324800,https://steamcdn-a.akamaihd.net/steam/apps/324800/header.jpg?t=1530549212
325790,https://steamcdn-a.akamaihd.net/steam/apps/325790/header.jpg?t=1447363904
326380,https://steamcdn-a.akamaihd.net/steam/apps/326380/header.jpg?t=1540301309
326650,https://steamcdn-a.akamaihd.net/steam/apps/326650/header.jpg?t=1529490826
328740,https://steamcdn-a.akamaihd.net/steam/apps/328740/header.jpg?t=1447364255
330520,https://steamcdn-a.akamaihd.net/steam/apps/330520/header.jpg?t=1447364498
330680,https://steamcdn-a.akamaihd.net/steam/apps/330680/header.jpg?t=1448371473
330880,https://steamcdn-a.akamaihd.net/steam/apps/330880/header.jpg?t=1484656028
333210,https://steamcdn-a.akamaihd.net/steam/apps/333210/header.jpg?t=1476482280
333220,https://steamcdn-a.akamaihd.net/steam/apps/333220/header.jpg?t=1539028163
333650,https://steamcdn-a.akamaihd.net/steam/apps/333650/header.jpg?t=1447365124
334100,https://steamcdn-a.akamaihd.net/steam/apps/334100/header.jpg?t=1506940130
336080,https://steamcdn-a.akamaihd.net/steam/apps/336080/header.jpg?t=1517328494
336090,https://steamcdn-a.akamaihd.net/steam/apps/336090/header.jpg?t=1497341240
336940,https://steamcdn-a.akamaihd.net/steam/apps/336940/header.jpg?t=1524849287
337130,https://steamcdn-a.akamaihd.net/steam/apps/337130/header.jpg?t=1447365773
337940,https://steamcdn-a.akamaihd.net/steam/apps/337940/header.jpg?t=1554746454
339910,https://steamcdn-a.akamaihd.net/steam/apps/339910/header.jpg?t=1464401637
340310,https://steamcdn-a.akamaihd.net/steam/apps/340310/header.jpg?t=1447366553
340370,https://steamcdn-a.akamaihd.net/steam/apps/340370/header.jpg?t=1447366565
340520,https://steamcdn-a.akamaihd.net/steam/apps/340520/header.jpg?t=1547253761
340960,https://steamcdn-a.akamaihd.net/steam/apps/340960/header.jpg?t=1472711833
341010,https://steamcdn-a.akamaihd.net/steam/apps/341010/header.jpg?t=1447366682
341660,https://steamcdn-a.akamaihd.net/steam/apps/341660/header.jpg?t=1447367773
342020,https://steamcdn-a.akamaihd.net/steam/apps/342020/header.jpg?t=1514470794
342380,https://steamcdn-a.akamaihd.net/steam/apps/342380/header.jpg?t=1485964942
343690,https://steamcdn-a.akamaihd.net/steam/apps/343690/header.jpg?t=1447367475
344760,https://steamcdn-a.akamaihd.net/steam/apps/344760/header.jpg?t=1478208824
347670,https://steamcdn-a.akamaihd.net/steam/apps/347670/header.jpg?t=1549959746
348620,https://steamcdn-a.akamaihd.net/steam/apps/348620/header.jpg?t=1554753245
349140,https://steamcdn-a.akamaihd.net/steam/apps/349140/header.jpg?t=1459213219
349320,https://steamcdn-a.akamaihd.net/steam/apps/349320/header.jpg?t=1447368900
350550,https://steamcdn-a.akamaihd.net/steam/apps/350550/header.jpg?t=1554746535
351920,https://steamcdn-a.akamaihd.net/steam/apps/351920/header.jpg?t=1539986672
352210,https://steamcdn-a.akamaihd.net/steam/apps/352210/header.jpg?t=1491109260
352620,https://steamcdn-a.akamaihd.net/steam/apps/352620/header.jpg?t=1447369781
352810,https://steamcdn-a.akamaihd.net/steam/apps/352810/header.jpg?t=1555566928
353070,https://steamcdn-a.akamaihd.net/steam/apps/353070/header.jpg?t=1483583628
353550,https://steamcdn-a.akamaihd.net/steam/apps/353550/header.jpg?t=1492974493
354290,https://steamcdn-a.akamaihd.net/steam/apps/354290/header.jpg?t=1555381180
354720,https://steamcdn-a.akamaihd.net/steam/apps/354720/header.jpg?t=1447370391
355020,https://steamcdn-a.akamaihd.net/steam/apps/355020/header.jpg?t=1447370466
355310,https://steamcdn-a.akamaihd.net/steam/apps/355310/header.jpg?t=1525770561
355520,https://steamcdn-a.akamaihd.net/steam/apps/355520/header.jpg?t=1488527777
355650,https://steamcdn-a.akamaihd.net/steam/apps/355650/header.jpg?t=1478598416
356250,https://steamcdn-a.akamaihd.net/steam/apps/356250/header.jpg?t=1479781537
356510,https://steamcdn-a.akamaihd.net/steam/apps/356510/header.jpg?t=1478063172
356710,https://steamcdn-a.akamaihd.net/steam/apps/356710/header.jpg?t=1447370888
357030,https://steamcdn-a.akamaihd.net/steam/apps/357030/header.jpg?t=1465399571
358190,https://steamcdn-a.akamaihd.net/steam/apps/358190/header.jpg?t=1478001364
358410,https://steamcdn-a.akamaihd.net/steam/apps/358410/header.jpg?t=1478001001
360650,https://steamcdn-a.akamaihd.net/steam/apps/360650/header.jpg?t=1482753681
361100,https://steamcdn-a.akamaihd.net/steam/apps/361100/header.jpg?t=1523879109
361110,https://steamcdn-a.akamaihd.net/steam/apps/361110/header.jpg?t=1447372032
362400,https://steamcdn-a.akamaihd.net/steam/apps/362400/header.jpg?t=1447372413
365210,https://steamcdn-a.akamaihd.net/steam/apps/365210/header.jpg?t=1538615702
365810,https://steamcdn-a.akamaihd.net/steam/apps/365810/header.jpg?t=1502532314
366990,https://steamcdn-a.akamaihd.net/steam/apps/366990/header.jpg?t=1447373493
367040,https://steamcdn-a.akamaihd.net/steam/apps/367040/header.jpg?t=1447373511
367060,https://steamcdn-a.akamaihd.net/steam/apps/367060/header.jpg?t=1447373517
369000,https://steamcdn-a.akamaihd.net/steam/apps/369000/header.jpg?t=1447374044
370300,https://steamcdn-a.akamaihd.net/steam/apps/370300/header.jpg?t=1537365589
370560,https://steamcdn-a.akamaihd.net/steam/apps/370560/header.jpg?t=1453390388
370670,https://steamcdn-a.akamaihd.net/steam/apps/370670/header.jpg?t=1535992339
372750,https://steamcdn-a.akamaihd.net/steam/apps/372750/header.jpg?t=1534645720
372780,https://steamcdn-a.akamaihd.net/steam/apps/372780/header.jpg?t=1447374970
372890,https://steamcdn-a.akamaihd.net/steam/apps/372890/header.jpg?t=1529672305
374120,https://steamcdn-a.akamaihd.net/steam/apps/374120/header.jpg?t=1551367944
375170,https://steamcdn-a.akamaihd.net/steam/apps/375170/header.jpg?t=1447375538
375760,https://steamcdn-a.akamaihd.net/steam/apps/375760/header.jpg?t=1478126025
377690,https://steamcdn-a.akamaihd.net/steam/apps/377690/header.jpg?t=1535941118
379720,https://steamcdn-a.akamaihd.net/steam/apps/379720/header.jpg?t=1533678963
379870,https://steamcdn-a.akamaihd.net/steam/apps/379870/header.jpg?t=1482262032
381210,https://steamcdn-a.akamaihd.net/steam/apps/381210/header.jpg?t=1554392450
381890,https://steamcdn-a.akamaihd.net/steam/apps/381890/header.jpg?t=1487540292
382070,https://steamcdn-a.akamaihd.net/steam/apps/382070/header.jpg?t=1447376770
382380,https://steamcdn-a.akamaihd.net/steam/apps/382380/header.jpg?t=1497733205
383560,https://steamcdn-a.akamaihd.net/steam/apps/383560/header.jpg?t=1470340835
383690,https://steamcdn-a.akamaihd.net/steam/apps/383690/header.jpg?t=1453828583
383750,https://steamcdn-a.akamaihd.net/steam/apps/383750/header.jpg?t=1447376879
384590,https://steamcdn-a.akamaihd.net/steam/apps/384590/header.jpg?t=1477526981
385390,https://steamcdn-a.akamaihd.net/steam/apps/385390/header.jpg?t=1447376982
385960,https://steamcdn-a.akamaihd.net/steam/apps/385960/header.jpg?t=1447377017
386750,https://steamcdn-a.akamaihd.net/steam/apps/386750/header.jpg?t=1473707513
386990,https://steamcdn-a.akamaihd.net/steam/apps/386990/header.jpg?t=1534287411
388120,https://steamcdn-a.akamaihd.net/steam/apps/388120/header.jpg?t=1484420020
388340,https://steamcdn-a.akamaihd.net/steam/apps/388340/header.jpg?t=1447377157
388680,https://steamcdn-a.akamaihd.net/steam/apps/388680/header.jpg?t=1451965956
389430,https://steamcdn-a.akamaihd.net/steam/apps/389430/header.jpg?t=1551136181
390200,https://steamcdn-a.akamaihd.net/steam/apps/390200/header.jpg?t=1530538998
390680,https://steamcdn-a.akamaihd.net/steam/apps/390680/header.jpg?t=1524753195
390930,https://steamcdn-a.akamaihd.net/steam/apps/390930/header.jpg?t=1454107660
390940,https://steamcdn-a.akamaihd.net/steam/apps/390940/header.jpg?t=1518597798
391720,https://steamcdn-a.akamaihd.net/steam/apps/391720/header.jpg?t=1551373551
392890,https://steamcdn-a.akamaihd.net/steam/apps/392890/header.jpg?t=1447377442
393190,https://steamcdn-a.akamaihd.net/steam/apps/393190/header.jpg?t=1555058556
393920,https://steamcdn-a.akamaihd.net/steam/apps/393920/header.jpg?t=1478100969
394140,https://steamcdn-a.akamaihd.net/steam/apps/394140/header.jpg?t=1473099385
394550,https://steamcdn-a.akamaihd.net/steam/apps/394550/header.jpg?t=1478107298
395520,https://steamcdn-a.akamaihd.net/steam/apps/395520/header.jpg?t=1447377587
395580,https://steamcdn-a.akamaihd.net/steam/apps/395580/header.jpg?t=1478167252
395600,https://steamcdn-a.akamaihd.net/steam/apps/395600/header.jpg?t=1491030571
397040,https://steamcdn-a.akamaihd.net/steam/apps/397040/header.jpg?t=1532678160
397210,https://steamcdn-a.akamaihd.net/steam/apps/397210/header.jpg?t=1488002205
397320,https://steamcdn-a.akamaihd.net/steam/apps/397320/header.jpg?t=1528357162
397360,https://steamcdn-a.akamaihd.net/steam/apps/397360/header.jpg?t=1490979422
397660,https://steamcdn-a.akamaihd.net/steam/apps/397660/header.jpg?t=1509753312
397840,https://steamcdn-a.akamaihd.net/steam/apps/397840/header.jpg?t=1555358401
398020,https://steamcdn-a.akamaihd.net/steam/apps/398020/header.jpg?t=1503830909
398480,https://steamcdn-a.akamaihd.net/steam/apps/398480/header.jpg?t=1478024497
398830,https://steamcdn-a.akamaihd.net/steam/apps/398830/header.jpg?t=1447377758
399790,https://steamcdn-a.akamaihd.net/steam/apps/399790/header.jpg?t=1492975596
401840,https://steamcdn-a.akamaihd.net/steam/apps/401840/header.jpg?t=1466700227
402150,https://steamcdn-a.akamaihd.net/steam/apps/402150/header.jpg?t=1466368288
402160,https://steamcdn-a.akamaihd.net/steam/apps/402160/header.jpg?t=1482799705
402430,https://steamcdn-a.akamaihd.net/steam/apps/402430/header.jpg?t=1485255122
402890,https://steamcdn-a.akamaihd.net/steam/apps/402890/header.jpg?t=1478242380
404860,https://steamcdn-a.akamaihd.net/steam/apps/404860/header.jpg?t=1447378177
406280,https://steamcdn-a.akamaihd.net/steam/apps/406280/header.jpg?t=1482859852
406940,https://steamcdn-a.akamaihd.net/steam/apps/406940/header.jpg?t=1478536940
408250,https://steamcdn-a.akamaihd.net/steam/apps/408250/header.jpg?t=1513616534
409660,https://steamcdn-a.akamaihd.net/steam/apps/409660/header.jpg?t=1534352812
410770,https://steamcdn-a.akamaihd.net/steam/apps/410770/header.jpg?t=1537534575
411530,https://steamcdn-a.akamaihd.net/steam/apps/411530/header.jpg?t=1537536578
413710,https://steamcdn-a.akamaihd.net/steam/apps/413710/header.jpg?t=1524928122
414720,https://steamcdn-a.akamaihd.net/steam/apps/414720/header.jpg?t=1451287512
414740,https://steamcdn-a.akamaihd.net/steam/apps/414740/header.jpg?t=1518429975
415660,https://steamcdn-a.akamaihd.net/steam/apps/415660/header.jpg?t=1525093802
416140,https://steamcdn-a.akamaihd.net/steam/apps/416140/header.jpg?t=1546535453
416840,https://steamcdn-a.akamaihd.net/steam/apps/416840/header.jpg?t=1467289676
419130,https://steamcdn-a.akamaihd.net/steam/apps/419130/header.jpg?t=1538588395
421670,https://steamcdn-a.akamaihd.net/steam/apps/421670/header.jpg?t=1457099874
421740,https://steamcdn-a.akamaihd.net/steam/apps/421740/header.jpg?t=1550058448
423890,https://steamcdn-a.akamaihd.net/steam/apps/423890/header.jpg?t=1501592744
424250,https://steamcdn-a.akamaihd.net/steam/apps/424250/header.jpg?t=1541491896
424310,https://steamcdn-a.akamaihd.net/steam/apps/424310/header.jpg?t=1461697089
425670,https://steamcdn-a.akamaihd.net/steam/apps/425670/header.jpg?t=1482427063
427730,https://steamcdn-a.akamaihd.net/steam/apps/427730/header.jpg?t=1463163137
428180,https://steamcdn-a.akamaihd.net/steam/apps/428180/header.jpg?t=1549956618
428660,https://steamcdn-a.akamaihd.net/steam/apps/428660/header.jpg?t=1545318320
428950,https://steamcdn-a.akamaihd.net/steam/apps/428950/header.jpg?t=1452868649
429360,https://steamcdn-a.akamaihd.net/steam/apps/429360/header.jpg?t=1509231355
429480,https://steamcdn-a.akamaihd.net/steam/apps/429480/header.jpg?t=1493674541
429600,https://steamcdn-a.akamaihd.net/steam/apps/429600/header.jpg?t=1530538884
431290,https://steamcdn-a.akamaihd.net/steam/apps/431290/header.jpg?t=1459521136
431300,https://steamcdn-a.akamaihd.net/steam/apps/431300/header.jpg?t=1461941341
432470,https://steamcdn-a.akamaihd.net/steam/apps/432470/header.jpg?t=1523248401
433360,https://steamcdn-a.akamaihd.net/steam/apps/433360/header.jpg?t=1531436633
433750,https://steamcdn-a.akamaihd.net/steam/apps/433750/header.jpg?t=1530647053
434150,https://steamcdn-a.akamaihd.net/steam/apps/434150/header.jpg?t=1452867914
434890,https://steamcdn-a.akamaihd.net/steam/apps/434890/header.jpg?t=1529071132
435120,https://steamcdn-a.akamaihd.net/steam/apps/435120/header.jpg?t=1546859340
436500,https://steamcdn-a.akamaihd.net/steam/apps/436500/header.jpg?t=1478593833
439190,https://steamcdn-a.akamaihd.net/steam/apps/439190/header.jpg?t=1554401351
440770,https://steamcdn-a.akamaihd.net/steam/apps/440770/header.jpg?t=1525619331
442140,https://steamcdn-a.akamaihd.net/steam/apps/442140/header.jpg?t=1493941305
443980,https://steamcdn-a.akamaihd.net/steam/apps/443980/header.jpg?t=1477510171
444180,https://steamcdn-a.akamaihd.net/steam/apps/444180/header.jpg?t=1546940185
444480,https://steamcdn-a.akamaihd.net/steam/apps/444480/header.jpg?t=1460295203
444930,https://steamcdn-a.akamaihd.net/steam/apps/444930/header.jpg?t=1553686185
447000,https://steamcdn-a.akamaihd.net/steam/apps/447000/header.jpg?t=1463240146
448820,https://steamcdn-a.akamaihd.net/steam/apps/448820/header.jpg?t=1461275046
448850,https://steamcdn-a.akamaihd.net/steam/apps/448850/header.jpg?t=1549474567
450670,https://steamcdn-a.akamaihd.net/steam/apps/450670/header.jpg?t=1527077936
451100,https://steamcdn-a.akamaihd.net/steam/apps/451100/header.jpg?t=1463760165
451140,https://steamcdn-a.akamaihd.net/steam/apps/451140/header.jpg?t=1531436637
451780,https://steamcdn-a.akamaihd.net/steam/apps/451780/header.jpg?t=1503018512
452570,https://steamcdn-a.akamaihd.net/steam/apps/452570/header.jpg?t=1536243352
453220,https://steamcdn-a.akamaihd.net/steam/apps/453220/header.jpg?t=1505292051
453650,https://steamcdn-a.akamaihd.net/steam/apps/453650/header.jpg?t=1478544848
453910,https://steamcdn-a.akamaihd.net/steam/apps/453910/header.jpg?t=1537895847
454160,https://steamcdn-a.akamaihd.net/steam/apps/454160/header.jpg?t=1466630861
454540,https://steamcdn-a.akamaihd.net/steam/apps/454540/header.jpg?t=1551868386
455970,https://steamcdn-a.akamaihd.net/steam/apps/455970/header.jpg?t=1532802562
456810,https://steamcdn-a.akamaihd.net/steam/apps/456810/header.jpg?t=1461965313
457140,https://steamcdn-a.akamaihd.net/steam/apps/457140/header_alt_assets_2.jpg?t=1555374673
457530,https://steamcdn-a.akamaihd.net/steam/apps/457530/header.jpg?t=1459205076
457770,https://steamcdn-a.akamaihd.net/steam/apps/457770/header.jpg?t=1469461982
459630,https://steamcdn-a.akamaihd.net/steam/apps/459630/header.jpg?t=1470263307
460580,https://steamcdn-a.akamaihd.net/steam/apps/460580/header.jpg?t=1473076837
460920,https://steamcdn-a.akamaihd.net/steam/apps/460920/header.jpg?t=1544441189
461280,https://steamcdn-a.akamaihd.net/steam/apps/461280/header.jpg?t=1487779219
463250,https://steamcdn-a.akamaihd.net/steam/apps/463250/header.jpg?t=1478821310
463980,https://steamcdn-a.akamaihd.net/steam/apps/463980/header.jpg?t=1507354898
464780,https://steamcdn-a.akamaihd.net/steam/apps/464780/header.jpg?t=1475213234
465720,https://steamcdn-a.akamaihd.net/steam/apps/465720/header.jpg?t=1530538706
466350,https://steamcdn-a.akamaihd.net/steam/apps/466350/header.jpg?t=1489544982
466430,https://steamcdn-a.akamaihd.net/steam/apps/466430/header.jpg?t=1538614784
466500,https://steamcdn-a.akamaihd.net/steam/apps/466500/header.jpg?t=1556101177
466860,https://steamcdn-a.akamaihd.net/steam/apps/466860/header.jpg?t=1554730489
468490,https://steamcdn-a.akamaihd.net/steam/apps/468490/header.jpg?t=1483476661
474210,https://steamcdn-a.akamaihd.net/steam/apps/474210/header.jpg?t=1537617562
474890,https://steamcdn-a.akamaihd.net/steam/apps/474890/header.jpg?t=1550912843
476430,https://steamcdn-a.akamaihd.net/steam/apps/476430/header.jpg?t=1496691226
477740,https://steamcdn-a.akamaihd.net/steam/apps/477740/header.jpg?t=1541999980
479150,https://steamcdn-a.akamaihd.net/steam/apps/479150/header.jpg?t=1470484590
485580,https://steamcdn-a.akamaihd.net/steam/apps/485580/header.jpg?t=1538951951
486360,https://steamcdn-a.akamaihd.net/steam/apps/486360/header.jpg?t=1491768525
487030,https://steamcdn-a.akamaihd.net/steam/apps/487030/header.jpg?t=1516879002
488950,https://steamcdn-a.akamaihd.net/steam/apps/488950/header.jpg?t=1501690209
489050,https://steamcdn-a.akamaihd.net/steam/apps/489050/header.jpg?t=1466473359
491070,https://steamcdn-a.akamaihd.net/steam/apps/491070/header.jpg?t=1522007576
491220,https://steamcdn-a.akamaihd.net/steam/apps/491220/header.jpg?t=1526441723
492160,https://steamcdn-a.akamaihd.net/steam/apps/492160/header.jpg?t=1554458040
493310,https://steamcdn-a.akamaihd.net/steam/apps/493310/header.jpg?t=1467910043
493480,https://steamcdn-a.akamaihd.net/steam/apps/493480/header.jpg?t=1489150559
494100,https://steamcdn-a.akamaihd.net/steam/apps/494100/header.jpg?t=1500351384
494170,https://steamcdn-a.akamaihd.net/steam/apps/494170/header.jpg?t=1500609755
494960,https://steamcdn-a.akamaihd.net/steam/apps/494960/header.jpg?t=1496343434
495110,https://steamcdn-a.akamaihd.net/steam/apps/495110/header.jpg?t=1512040933
495320,https://steamcdn-a.akamaihd.net/steam/apps/495320/header.jpg?t=1468872152
495630,https://steamcdn-a.akamaihd.net/steam/apps/495630/header.jpg?t=1499861590
495990,https://steamcdn-a.akamaihd.net/steam/apps/495990/header.jpg?t=1513313214
496380,https://steamcdn-a.akamaihd.net/steam/apps/496380/header.jpg?t=1469553954
496690,https://steamcdn-a.akamaihd.net/steam/apps/496690/header.jpg?t=1547239007
497080,https://steamcdn-a.akamaihd.net/steam/apps/497080/header.jpg?t=1490718498
497490,https://steamcdn-a.akamaihd.net/steam/apps/497490/header.jpg?t=1476943805
498330,https://steamcdn-a.akamaihd.net/steam/apps/498330/header.jpg?t=1554805441
498380,https://steamcdn-a.akamaihd.net/steam/apps/498380/header.jpg?t=1526311811
499210,https://steamcdn-a.akamaihd.net/steam/apps/499210/header.jpg?t=1535652393
499400,https://steamcdn-a.akamaihd.net/steam/apps/499400/header.jpg?t=1502253094
499910,https://steamcdn-a.akamaihd.net/steam/apps/499910/header.jpg?t=1498155838
500120,https://steamcdn-a.akamaihd.net/steam/apps/500120/header.jpg?t=1515398724
500710,https://steamcdn-a.akamaihd.net/steam/apps/500710/header.jpg?t=1555911681
500760,https://steamcdn-a.akamaihd.net/steam/apps/500760/header.jpg?t=1473717378
501430,https://steamcdn-a.akamaihd.net/steam/apps/501430/header.jpg?t=1469298907
502120,https://steamcdn-a.akamaihd.net/steam/apps/502120/header.jpg?t=1554745946
502150,https://steamcdn-a.akamaihd.net/steam/apps/502150/header.jpg?t=1471291557
502700,https://steamcdn-a.akamaihd.net/steam/apps/502700/header.jpg?t=1488311285
503560,https://steamcdn-a.akamaihd.net/steam/apps/503560/header.jpg?t=1550078854
503580,https://steamcdn-a.akamaihd.net/steam/apps/503580/header.jpg?t=1532466801
503700,https://steamcdn-a.akamaihd.net/steam/apps/503700/header.jpg?t=1477761672
504090,https://steamcdn-a.akamaihd.net/steam/apps/504090/header.jpg?t=1498058400
504210,https://steamcdn-a.akamaihd.net/steam/apps/504210/header.jpg?t=1546475842
504610,https://steamcdn-a.akamaihd.net/steam/apps/504610/header.jpg?t=1544606372
508440,https://steamcdn-a.akamaihd.net/steam/apps/508440/header.jpg?t=1554120312
508890,https://steamcdn-a.akamaihd.net/steam/apps/508890/header.jpg?t=1471371734
509070,https://steamcdn-a.akamaihd.net/steam/apps/509070/header.jpg?t=1489425962
509250,https://steamcdn-a.akamaihd.net/steam/apps/509250/header.jpg?t=1544579776
510750,https://steamcdn-a.akamaihd.net/steam/apps/510750/header.jpg?t=1470693214
510990,https://steamcdn-a.akamaihd.net/steam/apps/510990/header.jpg?t=1483948525
511320,https://steamcdn-a.akamaihd.net/steam/apps/511320/header.jpg?t=1500409429
512120,https://steamcdn-a.akamaihd.net/steam/apps/512120/header.jpg?t=1513303789
513260,https://steamcdn-a.akamaihd.net/steam/apps/513260/header.jpg?t=1471174862
513310,https://steamcdn-a.akamaihd.net/steam/apps/513310/header.jpg?t=1484853646
514770,https://steamcdn-a.akamaihd.net/steam/apps/514770/header.jpg?t=1531437662
514900,https://steamcdn-a.akamaihd.net/steam/apps/514900/header.jpg?t=1536685961
516010,https://steamcdn-a.akamaihd.net/steam/apps/516010/header.jpg?t=1473320890
517910,https://steamcdn-a.akamaihd.net/steam/apps/517910/header.jpg?t=1524715866
517930,https://steamcdn-a.akamaihd.net/steam/apps/517930/header.jpg?t=1472936580
519990,https://steamcdn-a.akamaihd.net/steam/apps/519990/header.jpg?t=1479920720
521140,https://steamcdn-a.akamaihd.net/steam/apps/521140/header.jpg?t=1478105715
521930,https://steamcdn-a.akamaihd.net/steam/apps/521930/header.jpg?t=1485363911
523080,https://steamcdn-a.akamaihd.net/steam/apps/523080/header.jpg?t=1472791545
523660,https://steamcdn-a.akamaihd.net/steam/apps/523660/header.jpg?t=1554216765
526490,https://steamcdn-a.akamaihd.net/steam/apps/526490/header.jpg?t=1552080227
527320,https://steamcdn-a.akamaihd.net/steam/apps/527320/header.jpg?t=1516991888
527700,https://steamcdn-a.akamaihd.net/steam/apps/527700/header.jpg?t=1555801900
527940,https://steamcdn-a.akamaihd.net/steam/apps/527940/header.jpg?t=1534438614
529160,https://steamcdn-a.akamaihd.net/steam/apps/529160/header.jpg?t=1517321224
529500,https://steamcdn-a.akamaihd.net/steam/apps/529500/header.jpg?t=1540540851
529700,https://steamcdn-a.akamaihd.net/steam/apps/529700/header.jpg?t=1520623761
529780,https://steamcdn-a.akamaihd.net/steam/apps/529780/header.jpg?t=1531956010
529860,https://steamcdn-a.akamaihd.net/steam/apps/529860/header.jpg?t=1475859353
530290,https://steamcdn-a.akamaihd.net/steam/apps/530290/header.jpg?t=1539443722
530890,https://steamcdn-a.akamaihd.net/steam/apps/530890/header.jpg?t=1552306158
532210,https://steamcdn-a.akamaihd.net/steam/apps/532210/header.jpg?t=1556015094
533820,https://steamcdn-a.akamaihd.net/steam/apps/533820/header.jpg?t=1505857295
534570,https://steamcdn-a.akamaihd.net/steam/apps/534570/header.jpg?t=1476524971
535330,https://steamcdn-a.akamaihd.net/steam/apps/535330/header.jpg?t=1486760176
536640,https://steamcdn-a.akamaihd.net/steam/apps/536640/header.jpg?t=1488541842
537140,https://steamcdn-a.akamaihd.net/steam/apps/537140/header.jpg?t=1515609688
537430,https://steamcdn-a.akamaihd.net/steam/apps/537430/header.jpg?t=1495544899
538790,https://steamcdn-a.akamaihd.net/steam/apps/538790/header.jpg?t=1527804123
539670,https://steamcdn-a.akamaihd.net/steam/apps/539670/header.jpg?t=1487260684
540840,https://steamcdn-a.akamaihd.net/steam/apps/540840/header.jpg?t=1488574513
540880,https://steamcdn-a.akamaihd.net/steam/apps/540880/header.jpg?t=1476719074
542740,https://steamcdn-a.akamaihd.net/steam/apps/542740/header.jpg?t=1478751825
542750,https://steamcdn-a.akamaihd.net/steam/apps/542750/header.jpg?t=1479508214
543100,https://steamcdn-a.akamaihd.net/steam/apps/543100/header.jpg?t=1505784145
544520,https://steamcdn-a.akamaihd.net/steam/apps/544520/header.jpg?t=1477096042
545720,https://steamcdn-a.akamaihd.net/steam/apps/545720/header.jpg?t=1487992743
546200,https://steamcdn-a.akamaihd.net/steam/apps/546200/header.jpg?t=1502702158
547090,https://steamcdn-a.akamaihd.net/steam/apps/547090/header.jpg?t=1505062389
547310,https://steamcdn-a.akamaihd.net/steam/apps/547310/header.jpg?t=1517063400
547340,https://steamcdn-a.akamaihd.net/steam/apps/547340/header.jpg?t=1555580278
547540,https://steamcdn-a.akamaihd.net/steam/apps/547540/header.jpg?t=1483031586
548900,https://steamcdn-a.akamaihd.net/steam/apps/548900/header.jpg?t=1538645858
549670,https://steamcdn-a.akamaihd.net/steam/apps/549670/header.jpg?t=1479836006
550200,https://steamcdn-a.akamaihd.net/steam/apps/550200/header.jpg?t=1489508145
550580,https://steamcdn-a.akamaihd.net/steam/apps/550580/header.jpg?t=1484860464
550810,https://steamcdn-a.akamaihd.net/steam/apps/550810/header.jpg?t=1516672436
550930,https://steamcdn-a.akamaihd.net/steam/apps/550930/header.jpg?t=1541063632
551500,https://steamcdn-a.akamaihd.net/steam/apps/551500/header.jpg?t=1478894526
552110,https://steamcdn-a.akamaihd.net/steam/apps/552110/header.jpg?t=1530894224
552340,https://steamcdn-a.akamaihd.net/steam/apps/552340/header.jpg?t=1493980321
552370,https://steamcdn-a.akamaihd.net/steam/apps/552370/header.jpg?t=1500566874
553050,https://steamcdn-a.akamaihd.net/steam/apps/553050/header.jpg?t=1491133964
553690,https://steamcdn-a.akamaihd.net/steam/apps/553690/header.jpg?t=1536053194
555150,https://steamcdn-a.akamaihd.net/steam/apps/555150/header.jpg?t=1547056517
555220,https://steamcdn-a.akamaihd.net/steam/apps/555220/header.jpg?t=1551344746
555320,https://steamcdn-a.akamaihd.net/steam/apps/555320/header.jpg?t=1534786580
555400,https://steamcdn-a.akamaihd.net/steam/apps/555400/header.jpg?t=1531705660
555520,https://steamcdn-a.akamaihd.net/steam/apps/555520/header.jpg?t=1531506026
556700,https://steamcdn-a.akamaihd.net/steam/apps/556700/header.jpg?t=1533596022
556840,https://steamcdn-a.akamaihd.net/steam/apps/556840/header.jpg?t=1490666544
557880,https://steamcdn-a.akamaihd.net/steam/apps/557880/header.jpg?t=1483461542
558110,https://steamcdn-a.akamaihd.net/steam/apps/558110/header.jpg?t=1527435860
559850,https://steamcdn-a.akamaihd.net/steam/apps/559850/header.jpg?t=1479741925
560220,https://steamcdn-a.akamaihd.net/steam/apps/560220/header.jpg?t=1480511779
560720,https://steamcdn-a.akamaihd.net/steam/apps/560720/header.jpg?t=1486032834
561420,https://steamcdn-a.akamaihd.net/steam/apps/561420/header.jpg?t=1497632436
562410,https://steamcdn-a.akamaihd.net/steam/apps/562410/header.jpg?t=1551356536
564940,https://steamcdn-a.akamaihd.net/steam/apps/564940/header.jpg?t=1550249712
565650,https://steamcdn-a.akamaihd.net/steam/apps/565650/header.jpg?t=1508120653
565860,https://steamcdn-a.akamaihd.net/steam/apps/565860/header.jpg?t=1495810614
566940,https://steamcdn-a.akamaihd.net/steam/apps/566940/header.jpg?t=1518529717
569640,https://steamcdn-a.akamaihd.net/steam/apps/569640/header.jpg?t=1497592806
570600,https://steamcdn-a.akamaihd.net/steam/apps/570600/header.jpg?t=1509819989
572010,https://steamcdn-a.akamaihd.net/steam/apps/572010/header.jpg?t=1538694406
572410,https://steamcdn-a.akamaihd.net/steam/apps/572410/header.jpg?t=1552039727
572580,https://steamcdn-a.akamaihd.net/steam/apps/572580/header.jpg?t=1518534394
572720,https://steamcdn-a.akamaihd.net/steam/apps/572720/header.jpg?t=1490220005
573740,https://steamcdn-a.akamaihd.net/steam/apps/573740/header.jpg?t=1542718711
573780,https://steamcdn-a.akamaihd.net/steam/apps/573780/header.jpg?t=1534070473
575340,https://steamcdn-a.akamaihd.net/steam/apps/575340/header.jpg?t=1553280254
575800,https://steamcdn-a.akamaihd.net/steam/apps/575800/header.jpg?t=1484744040
575870,https://steamcdn-a.akamaihd.net/steam/apps/575870/header.jpg?t=1488878291
577270,https://steamcdn-a.akamaihd.net/steam/apps/577270/header.jpg?t=1484481989
578260,https://steamcdn-a.akamaihd.net/steam/apps/578260/header.jpg?t=1548412143
578920,https://steamcdn-a.akamaihd.net/steam/apps/578920/header.jpg?t=1490096781
580420,https://steamcdn-a.akamaihd.net/steam/apps/580420/header.jpg?t=1485216256
581300,https://steamcdn-a.akamaihd.net/steam/apps/581300/header.jpg?t=1534404742
583030,https://steamcdn-a.akamaihd.net/steam/apps/583030/header.jpg?t=1488250504
583240,https://steamcdn-a.akamaihd.net/steam/apps/583240/header.jpg?t=1540486844
583530,https://steamcdn-a.akamaihd.net/steam/apps/583530/header.jpg?t=1504656167
584800,https://steamcdn-a.akamaihd.net/steam/apps/584800/header.jpg?t=1514647892
585270,https://steamcdn-a.akamaihd.net/steam/apps/585270/header.jpg?t=1509753159
585940,https://steamcdn-a.akamaihd.net/steam/apps/585940/header.jpg?t=1509753154
586110,https://steamcdn-a.akamaihd.net/steam/apps/586110/header.jpg?t=1554497754
586740,https://steamcdn-a.akamaihd.net/steam/apps/586740/header.jpg?t=1531506871
586830,https://steamcdn-a.akamaihd.net/steam/apps/586830/header.jpg?t=1493884067
586980,https://steamcdn-a.akamaihd.net/steam/apps/586980/header.jpg?t=1533530711
587440,https://steamcdn-a.akamaihd.net/steam/apps/587440/header.jpg?t=1515422413
587450,https://steamcdn-a.akamaihd.net/steam/apps/587450/header.jpg?t=1526874642
588230,https://steamcdn-a.akamaihd.net/steam/apps/588230/header.jpg?t=1553243597
589170,https://steamcdn-a.akamaihd.net/steam/apps/589170/header.jpg?t=1525683294
589410,https://steamcdn-a.akamaihd.net/steam/apps/589410/header.jpg?t=1487649893
591680,https://steamcdn-a.akamaihd.net/steam/apps/591680/header.jpg?t=1538079490
592990,https://steamcdn-a.akamaihd.net/steam/apps/592990/header.jpg?t=1509527087
594050,https://steamcdn-a.akamaihd.net/steam/apps/594050/header.jpg?t=1541774499
594160,https://steamcdn-a.akamaihd.net/steam/apps/594160/header.jpg?t=1489692258
594350,https://steamcdn-a.akamaihd.net/steam/apps/594350/header.jpg?t=1544830456
597860,https://steamcdn-a.akamaihd.net/steam/apps/597860/header.jpg?t=1526042020
599800,https://steamcdn-a.akamaihd.net/steam/apps/599800/header.jpg?t=1490700758
600230,https://steamcdn-a.akamaihd.net/steam/apps/600230/header.jpg?t=1508517712
600330,https://steamcdn-a.akamaihd.net/steam/apps/600330/header.jpg?t=1493322346
600580,https://steamcdn-a.akamaihd.net/steam/apps/600580/header.jpg?t=1494522490
601570,https://steamcdn-a.akamaihd.net/steam/apps/601570/header.jpg?t=1507424674
601920,https://steamcdn-a.akamaihd.net/steam/apps/601920/header.jpg?t=1497541249
602300,https://steamcdn-a.akamaihd.net/steam/apps/602300/header.jpg?t=1533757362
605790,https://steamcdn-a.akamaihd.net/steam/apps/605790/header.jpg?t=1531505760
606480,https://steamcdn-a.akamaihd.net/steam/apps/606480/header.jpg?t=1497687411
608390,https://steamcdn-a.akamaihd.net/steam/apps/608390/header.jpg?t=1520017712
608760,https://steamcdn-a.akamaihd.net/steam/apps/608760/header.jpg?t=1524827997
609990,https://steamcdn-a.akamaihd.net/steam/apps/609990/header.jpg?t=1544554889
610130,https://steamcdn-a.akamaihd.net/steam/apps/610130/header.jpg?t=1524561163
610250,https://steamcdn-a.akamaihd.net/steam/apps/610250/header.jpg?t=1552628014
611320,https://steamcdn-a.akamaihd.net/steam/apps/611320/header.jpg?t=1533972031
611630,https://steamcdn-a.akamaihd.net/steam/apps/611630/header.jpg?t=1506114285
612010,https://steamcdn-a.akamaihd.net/steam/apps/612010/header.jpg?t=1510307854
612620,https://steamcdn-a.akamaihd.net/steam/apps/612620/header.jpg?t=1495825211
613670,https://steamcdn-a.akamaihd.net/steam/apps/613670/header.jpg?t=1504934032
614530,https://steamcdn-a.akamaihd.net/steam/apps/614530/header.jpg?t=1554778872
614630,https://steamcdn-a.akamaihd.net/steam/apps/614630/header.jpg?t=1527525557
617620,https://steamcdn-a.akamaihd.net/steam/apps/617620/header.jpg?t=1540574052
618050,https://steamcdn-a.akamaihd.net/steam/apps/618050/header.jpg?t=1544497119
619100,https://steamcdn-a.akamaihd.net/steam/apps/619100/header.jpg?t=1493073774
620080,https://steamcdn-a.akamaihd.net/steam/apps/620080/header.jpg?t=1529991606
620570,https://steamcdn-a.akamaihd.net/steam/apps/620570/header.jpg?t=1511173332
621940,https://steamcdn-a.akamaihd.net/steam/apps/621940/header.jpg?t=1539698405
623160,https://steamcdn-a.akamaihd.net/steam/apps/623160/header.jpg?t=1554458918
624060,https://steamcdn-a.akamaihd.net/steam/apps/624060/header.jpg?t=1493836129
625080,https://steamcdn-a.akamaihd.net/steam/apps/625080/header.jpg?t=1498177067
625560,https://steamcdn-a.akamaihd.net/steam/apps/625560/header.jpg?t=1509210439
625630,https://steamcdn-a.akamaihd.net/steam/apps/625630/header.jpg?t=1495155420
626250,https://steamcdn-a.akamaihd.net/steam/apps/626250/header.jpg?t=1552177338
631770,https://steamcdn-a.akamaihd.net/steam/apps/631770/header.jpg?t=1499194053
635270,https://steamcdn-a.akamaihd.net/steam/apps/635270/header.jpg?t=1495678368
636450,https://steamcdn-a.akamaihd.net/steam/apps/636450/header.jpg?t=1530295947
636470,https://steamcdn-a.akamaihd.net/steam/apps/636470/header.jpg?t=1499772694
636490,https://steamcdn-a.akamaihd.net/steam/apps/636490/header.jpg?t=1515520838
637330,https://steamcdn-a.akamaihd.net/steam/apps/637330/header.jpg?t=1495272064
638260,https://steamcdn-a.akamaihd.net/steam/apps/638260/header.jpg?t=1531503870
640340,https://steamcdn-a.akamaihd.net/steam/apps/640340/header.jpg?t=1555869274
641870,https://steamcdn-a.akamaihd.net/steam/apps/641870/header.jpg?t=1499185861
641950,https://steamcdn-a.akamaihd.net/steam/apps/641950/header.jpg?t=1506550449
642000,https://steamcdn-a.akamaihd.net/steam/apps/642000/header.jpg?t=1537457943
643830,https://steamcdn-a.akamaihd.net/steam/apps/643830/header.jpg?t=1522276481
644160,https://steamcdn-a.akamaihd.net/steam/apps/644160/header.jpg?t=1499718678
644560,https://steamcdn-a.akamaihd.net/steam/apps/644560/header.jpg?t=1547706416
645380,https://steamcdn-a.akamaihd.net/steam/apps/645380/header.jpg?t=1527832277
645450,https://steamcdn-a.akamaihd.net/steam/apps/645450/header.jpg?t=1508178620
646010,https://steamcdn-a.akamaihd.net/steam/apps/646010/header.jpg?t=1538513716
646440,https://steamcdn-a.akamaihd.net/steam/apps/646440/header.jpg?t=1527198837
647500,https://steamcdn-a.akamaihd.net/steam/apps/647500/header.jpg?t=1497883881
649790,https://steamcdn-a.akamaihd.net/steam/apps/649790/header.jpg?t=1552292912
650600,https://steamcdn-a.akamaihd.net/steam/apps/650600/header.jpg?t=1521264031
651610,https://steamcdn-a.akamaihd.net/steam/apps/651610/header.jpg?t=1506105731
652190,https://steamcdn-a.akamaihd.net/steam/apps/652190/header.jpg?t=1547610179
652760,https://steamcdn-a.akamaihd.net/steam/apps/652760/header.jpg?t=1499370617
654020,https://steamcdn-a.akamaihd.net/steam/apps/654020/header.jpg?t=1501349102
654660,https://steamcdn-a.akamaihd.net/steam/apps/654660/header.jpg?t=1511394362
655380,https://steamcdn-a.akamaihd.net/steam/apps/655380/header.jpg?t=1545315082
656730,https://steamcdn-a.akamaihd.net/steam/apps/656730/header.jpg?t=1499457997
657050,https://steamcdn-a.akamaihd.net/steam/apps/657050/header.jpg?t=1529104478
657780,https://steamcdn-a.akamaihd.net/steam/apps/657780/header.jpg?t=1506489801
658600,https://steamcdn-a.akamaihd.net/steam/apps/658600/header.jpg?t=1550981335
661230,https://steamcdn-a.akamaihd.net/steam/apps/661230/header_alt_assets_0.jpg?t=1555883010
661530,https://steamcdn-a.akamaihd.net/steam/apps/661530/header.jpg?t=1499291371
661670,https://steamcdn-a.akamaihd.net/steam/apps/661670/header.jpg?t=1505857383
661790,https://steamcdn-a.akamaihd.net/steam/apps/661790/header.jpg?t=1556408676
662590,https://steamcdn-a.akamaihd.net/steam/apps/662590/header.jpg?t=1500461035
664030,https://steamcdn-a.akamaihd.net/steam/apps/664030/header.jpg?t=1549633879
664870,https://steamcdn-a.akamaihd.net/steam/apps/664870/header.jpg?t=1501056980
665350,https://steamcdn-a.akamaihd.net/steam/apps/665350/header.jpg?t=1502828464
665650,https://steamcdn-a.akamaihd.net/steam/apps/665650/header.jpg?t=1516893102
665920,https://steamcdn-a.akamaihd.net/steam/apps/665920/header.jpg?t=1549349417
666290,https://steamcdn-a.akamaihd.net/steam/apps/666290/header.jpg?t=1519558163
667220,https://steamcdn-a.akamaihd.net/steam/apps/667220/header.jpg?t=1510254027
667770,https://steamcdn-a.akamaihd.net/steam/apps/667770/header.jpg?t=1510755433
669340,https://steamcdn-a.akamaihd.net/steam/apps/669340/header.jpg?t=1502379134
670160,https://steamcdn-a.akamaihd.net/steam/apps/670160/header.jpg?t=1550736731
670610,https://steamcdn-a.akamaihd.net/steam/apps/670610/header.jpg?t=1545986607
670730,https://steamcdn-a.akamaihd.net/steam/apps/670730/header.jpg?t=1522400446
670940,https://steamcdn-a.akamaihd.net/steam/apps/670940/header.jpg?t=1501613433
671180,https://steamcdn-a.akamaihd.net/steam/apps/671180/header.jpg?t=1504375736
671240,https://steamcdn-a.akamaihd.net/steam/apps/671240/header.jpg?t=1543993590
672710,https://steamcdn-a.akamaihd.net/steam/apps/672710/header.jpg?t=1542970437
672720,https://steamcdn-a.akamaihd.net/steam/apps/672720/header.jpg?t=1501092561
673260,https://steamcdn-a.akamaihd.net/steam/apps/673260/header.jpg?t=1552561082
673570,https://steamcdn-a.akamaihd.net/steam/apps/673570/header.jpg?t=1500059536
675360,https://steamcdn-a.akamaihd.net/steam/apps/675360/header.jpg?t=1505459422
676070,https://steamcdn-a.akamaihd.net/steam/apps/676070/header.jpg?t=1510173905
676570,https://steamcdn-a.akamaihd.net/steam/apps/676570/header.jpg?t=1522727097
676960,https://steamcdn-a.akamaihd.net/steam/apps/676960/header.jpg?t=1555073027
677060,https://steamcdn-a.akamaihd.net/steam/apps/677060/header.jpg?t=1513652881
678190,https://steamcdn-a.akamaihd.net/steam/apps/678190/header.jpg?t=1549063356
678620,https://steamcdn-a.akamaihd.net/steam/apps/678620/header.jpg?t=1501527118
678820,https://steamcdn-a.akamaihd.net/steam/apps/678820/header.jpg?t=1503299124
681020,https://steamcdn-a.akamaihd.net/steam/apps/681020/header.jpg?t=1508951099
682660,https://steamcdn-a.akamaihd.net/steam/apps/682660/header.jpg?t=1530961666
683790,https://steamcdn-a.akamaihd.net/steam/apps/683790/header.jpg?t=1511263345
686110,https://steamcdn-a.akamaihd.net/steam/apps/686110/header.jpg?t=1509001029
687630,https://steamcdn-a.akamaihd.net/steam/apps/687630/header.jpg?t=1537499499
691020,https://steamcdn-a.akamaihd.net/steam/apps/691020/header.jpg?t=1519307727
693400,https://steamcdn-a.akamaihd.net/steam/apps/693400/header.jpg?t=1513282387
694500,https://steamcdn-a.akamaihd.net/steam/apps/694500/header.jpg?t=1513814878
696010,https://steamcdn-a.akamaihd.net/steam/apps/696010/header.jpg?t=1531504496
697650,https://steamcdn-a.akamaihd.net/steam/apps/697650/header.jpg?t=1548990875
700140,https://steamcdn-a.akamaihd.net/steam/apps/700140/header.jpg?t=1511821966
700510,https://steamcdn-a.akamaihd.net/steam/apps/700510/header.jpg?t=1540997677
701730,https://steamcdn-a.akamaihd.net/steam/apps/701730/header.jpg?t=1545474444
702180,https://steamcdn-a.akamaihd.net/steam/apps/702180/header.jpg?t=1528727861
702300,https://steamcdn-a.akamaihd.net/steam/apps/702300/header.jpg?t=1506090375
702550,https://steamcdn-a.akamaihd.net/steam/apps/702550/header.jpg?t=1505802465
702700,https://steamcdn-a.akamaihd.net/steam/apps/702700/header.jpg?t=1528822952
702810,https://steamcdn-a.akamaihd.net/steam/apps/702810/header.jpg?t=1545185053
703050,https://steamcdn-a.akamaihd.net/steam/apps/703050/header.jpg?t=1554366961
703180,https://steamcdn-a.akamaihd.net/steam/apps/703180/header.jpg?t=1510832443
703320,https://steamcdn-a.akamaihd.net/steam/apps/703320/header.jpg?t=1516142497
704880,https://steamcdn-a.akamaihd.net/steam/apps/704880/header.jpg?t=1550867064
706130,https://steamcdn-a.akamaihd.net/steam/apps/706130/header.jpg?t=1510661252
706880,https://steamcdn-a.akamaihd.net/steam/apps/706880/header.jpg?t=1548605294
707220,https://steamcdn-a.akamaihd.net/steam/apps/707220/header.jpg?t=1527292499
708280,https://steamcdn-a.akamaihd.net/steam/apps/708280/header.jpg?t=1508753557
708940,https://steamcdn-a.akamaihd.net/steam/apps/708940/header.jpg?t=1536106888
709220,https://steamcdn-a.akamaihd.net/steam/apps/709220/header.jpg?t=1518194013
709820,https://steamcdn-a.akamaihd.net/steam/apps/709820/header.jpg?t=1523030874
710240,https://steamcdn-a.akamaihd.net/steam/apps/710240/header.jpg?t=1511343170
710540,https://steamcdn-a.akamaihd.net/steam/apps/710540/header.jpg?t=1543837656
711210,https://steamcdn-a.akamaihd.net/steam/apps/711210/header.jpg?t=1506412760
711390,https://steamcdn-a.akamaihd.net/steam/apps/711390/header.jpg?t=1508815964
713220,https://steamcdn-a.akamaihd.net/steam/apps/713220/header.jpg?t=1540826134
713320,https://steamcdn-a.akamaihd.net/steam/apps/713320/header.jpg?t=1510933268
715310,https://steamcdn-a.akamaihd.net/steam/apps/715310/header.jpg?t=1545316237
715800,https://steamcdn-a.akamaihd.net/steam/apps/715800/header.jpg?t=1524659648
717820,https://steamcdn-a.akamaihd.net/steam/apps/717820/header.jpg?t=1520207689
718250,https://steamcdn-a.akamaihd.net/steam/apps/718250/header.jpg?t=1521115246
718940,https://steamcdn-a.akamaihd.net/steam/apps/718940/header.jpg?t=1517729928
720270,https://steamcdn-a.akamaihd.net/steam/apps/720270/header.jpg?t=1537524662
720470,https://steamcdn-a.akamaihd.net/steam/apps/720470/header.jpg?t=1507386620
721090,https://steamcdn-a.akamaihd.net/steam/apps/721090/header.jpg?t=1547031588
721480,https://steamcdn-a.akamaihd.net/steam/apps/721480/header.jpg?t=1537913617
722010,https://steamcdn-a.akamaihd.net/steam/apps/722010/header.jpg?t=1551922977
722180,https://steamcdn-a.akamaihd.net/steam/apps/722180/header.jpg?t=1556284408
722760,https://steamcdn-a.akamaihd.net/steam/apps/722760/header.jpg?t=1529575834
723070,https://steamcdn-a.akamaihd.net/steam/apps/723070/header.jpg?t=1511977180
723450,https://steamcdn-a.akamaihd.net/steam/apps/723450/header.jpg?t=1538166714
725910,https://steamcdn-a.akamaihd.net/steam/apps/725910/header.jpg?t=1521085093
727850,https://steamcdn-a.akamaihd.net/steam/apps/727850/header.jpg?t=1551352916
727860,https://steamcdn-a.akamaihd.net/steam/apps/727860/header.jpg?t=1516179099
727900,https://steamcdn-a.akamaihd.net/steam/apps/727900/header.jpg?t=1516691785
728870,https://steamcdn-a.akamaihd.net/steam/apps/728870/header.jpg?t=1554803649
730620,https://steamcdn-a.akamaihd.net/steam/apps/730620/header.jpg?t=1554980026
731430,https://steamcdn-a.akamaihd.net/steam/apps/731430/header.jpg?t=1517509168
732370,https://steamcdn-a.akamaihd.net/steam/apps/732370/header.jpg?t=1548832033
732430,https://steamcdn-a.akamaihd.net/steam/apps/732430/header.jpg?t=1554364510
732800,https://steamcdn-a.akamaihd.net/steam/apps/732800/header.jpg?t=1532915193
733180,https://steamcdn-a.akamaihd.net/steam/apps/733180/header.jpg?t=1511970671
733690,https://steamcdn-a.akamaihd.net/steam/apps/733690/header.jpg?t=1555666572
734920,https://steamcdn-a.akamaihd.net/steam/apps/734920/header.jpg?t=1556006435
738500,https://steamcdn-a.akamaihd.net/steam/apps/738500/header.jpg?t=1548577374
738610,https://steamcdn-a.akamaihd.net/steam/apps/738610/header.jpg?t=1542711827
739780,https://steamcdn-a.akamaihd.net/steam/apps/739780/header.jpg?t=1553541748
740410,https://steamcdn-a.akamaihd.net/steam/apps/740410/header.jpg?t=1549476802
740950,https://steamcdn-a.akamaihd.net/steam/apps/740950/header.jpg?t=1508798271
741120,https://steamcdn-a.akamaihd.net/steam/apps/741120/header.jpg?t=1551109620
742460,https://steamcdn-a.akamaihd.net/steam/apps/742460/header.jpg?t=1556283419
742470,https://steamcdn-a.akamaihd.net/steam/apps/742470/header.jpg?t=1556481173
745650,https://steamcdn-a.akamaihd.net/steam/apps/745650/header.jpg?t=1523960625
745890,https://steamcdn-a.akamaihd.net/steam/apps/745890/header.jpg?t=1552624589
746680,https://steamcdn-a.akamaihd.net/steam/apps/746680/header.jpg?t=1526284593
746840,https://steamcdn-a.akamaihd.net/steam/apps/746840/header.jpg?t=1548311936
747620,https://steamcdn-a.akamaihd.net/steam/apps/747620/header.jpg?t=1542754970
747910,https://steamcdn-a.akamaihd.net/steam/apps/747910/header.jpg?t=1553662384
748460,https://steamcdn-a.akamaihd.net/steam/apps/748460/header.jpg?t=1540849802
749040,https://steamcdn-a.akamaihd.net/steam/apps/749040/header.jpg?t=1513230449
749220,https://steamcdn-a.akamaihd.net/steam/apps/749220/header.jpg?t=1518724345
749340,https://steamcdn-a.akamaihd.net/steam/apps/749340/header.jpg?t=1553271134
752500,https://steamcdn-a.akamaihd.net/steam/apps/752500/header.jpg?t=1552734552
753630,https://steamcdn-a.akamaihd.net/steam/apps/753630/header.jpg?t=1511827918
754000,https://steamcdn-a.akamaihd.net/steam/apps/754000/header.jpg?t=1512995374
754160,https://steamcdn-a.akamaihd.net/steam/apps/754160/header.jpg?t=1538715233
755450,https://steamcdn-a.akamaihd.net/steam/apps/755450/header.jpg?t=1527948612
756200,https://steamcdn-a.akamaihd.net/steam/apps/756200/header.jpg?t=1516622769
756350,https://steamcdn-a.akamaihd.net/steam/apps/756350/header.jpg?t=1514448326
758080,https://steamcdn-a.akamaihd.net/steam/apps/758080/header.jpg?t=1535062681
760660,https://steamcdn-a.akamaihd.net/steam/apps/760660/header.jpg?t=1549356588
761660,https://steamcdn-a.akamaihd.net/steam/apps/761660/header.jpg?t=1514394264
762930,https://steamcdn-a.akamaihd.net/steam/apps/762930/header.jpg?t=1523573831
763070,https://steamcdn-a.akamaihd.net/steam/apps/763070/header.jpg?t=1531515631
763090,https://steamcdn-a.akamaihd.net/steam/apps/763090/header.jpg?t=1515776420
763200,https://steamcdn-a.akamaihd.net/steam/apps/763200/header.jpg?t=1522905009
763430,https://steamcdn-a.akamaihd.net/steam/apps/763430/header.jpg?t=1550044127
765400,https://steamcdn-a.akamaihd.net/steam/apps/765400/header.jpg?t=1514917549
765610,https://steamcdn-a.akamaihd.net/steam/apps/765610/header.jpg?t=1514571868
766620,https://steamcdn-a.akamaihd.net/steam/apps/766620/header.jpg?t=1547594978
767200,https://steamcdn-a.akamaihd.net/steam/apps/767200/header.jpg?t=1518684328
767500,https://steamcdn-a.akamaihd.net/steam/apps/767500/header.jpg?t=1514545237
767810,https://steamcdn-a.akamaihd.net/steam/apps/767810/header.jpg?t=1556087535
768580,https://steamcdn-a.akamaihd.net/steam/apps/768580/header.jpg?t=1516488911
769940,https://steamcdn-a.akamaihd.net/steam/apps/769940/header.jpg?t=1522866994
770630,https://steamcdn-a.akamaihd.net/steam/apps/770630/header.jpg?t=1550602857
771410,https://steamcdn-a.akamaihd.net/steam/apps/771410/header.jpg?t=1529405482
773010,https://steamcdn-a.akamaihd.net/steam/apps/773010/header.jpg?t=1548230380
773170,https://steamcdn-a.akamaihd.net/steam/apps/773170/header.jpg?t=1522109254
775430,https://steamcdn-a.akamaihd.net/steam/apps/775430/header.jpg?t=1526544621
777130,https://steamcdn-a.akamaihd.net/steam/apps/777130/header.jpg?t=1554392194
777380,https://steamcdn-a.akamaihd.net/steam/apps/777380/header.jpg?t=1550929571
777580,https://steamcdn-a.akamaihd.net/steam/apps/777580/header.jpg?t=1524274612
778590,https://steamcdn-a.akamaihd.net/steam/apps/778590/header.jpg?t=1517519997
778650,https://steamcdn-a.akamaihd.net/steam/apps/778650/header.jpg?t=1550339130
778860,https://steamcdn-a.akamaihd.net/steam/apps/778860/header.jpg?t=1549027470
779590,https://steamcdn-a.akamaihd.net/steam/apps/779590/header.jpg?t=1517461247
780320,https://steamcdn-a.akamaihd.net/steam/apps/780320/header.jpg?t=1530692110
780630,https://steamcdn-a.akamaihd.net/steam/apps/780630/header.jpg?t=1535388788
780710,https://steamcdn-a.akamaihd.net/steam/apps/780710/header.jpg?t=1522494173
781110,https://steamcdn-a.akamaihd.net/steam/apps/781110/header.jpg?t=1522258744
781260,https://steamcdn-a.akamaihd.net/steam/apps/781260/header.jpg?t=1518113247
781480,https://steamcdn-a.akamaihd.net/steam/apps/781480/header.jpg?t=1551717285
781670,https://steamcdn-a.akamaihd.net/steam/apps/781670/header.jpg?t=1540238570
781810,https://steamcdn-a.akamaihd.net/steam/apps/781810/header.jpg?t=1552238215
785950,https://steamcdn-a.akamaihd.net/steam/apps/785950/header.jpg?t=1517538372
786120,https://steamcdn-a.akamaihd.net/steam/apps/786120/header.jpg?t=1524771503
786140,https://steamcdn-a.akamaihd.net/steam/apps/786140/header.jpg?t=1545120828
787440,https://steamcdn-a.akamaihd.net/steam/apps/787440/header.jpg?t=1539080513
787450,https://steamcdn-a.akamaihd.net/steam/apps/787450/header.jpg?t=1522136337
787840,https://steamcdn-a.akamaihd.net/steam/apps/787840/header.jpg?t=1547828109
788180,https://steamcdn-a.akamaihd.net/steam/apps/788180/header.jpg?t=1520325979
789700,https://steamcdn-a.akamaihd.net/steam/apps/789700/header.jpg?t=1549571613
790570,https://steamcdn-a.akamaihd.net/steam/apps/790570/header.jpg?t=1521022948
791180,https://steamcdn-a.akamaihd.net/steam/apps/791180/header.jpg?t=1555277846
791970,https://steamcdn-a.akamaihd.net/steam/apps/791970/header.jpg?t=1547181876
792060,https://steamcdn-a.akamaihd.net/steam/apps/792060/header.jpg?t=1539066129
792800,https://steamcdn-a.akamaihd.net/steam/apps/792800/header.jpg?t=1521367024
793240,https://steamcdn-a.akamaihd.net/steam/apps/793240/header.jpg?t=1522768228
793620,https://steamcdn-a.akamaihd.net/steam/apps/793620/header.jpg?t=1518904992
794050,https://steamcdn-a.akamaihd.net/steam/apps/794050/header.jpg?t=1522315644
796130,https://steamcdn-a.akamaihd.net/steam/apps/796130/header.jpg?t=1547400294
796770,https://steamcdn-a.akamaihd.net/steam/apps/796770/header.jpg?t=1546568884
796930,https://steamcdn-a.akamaihd.net/steam/apps/796930/header.jpg?t=1544140108
799080,https://steamcdn-a.akamaihd.net/steam/apps/799080/header.jpg?t=1520634297
799460,https://steamcdn-a.akamaihd.net/steam/apps/799460/header.jpg?t=1540379391
799910,https://steamcdn-a.akamaihd.net/steam/apps/799910/header.jpg?t=1520778804
801610,https://steamcdn-a.akamaihd.net/steam/apps/801610/header.jpg?t=1532082776
802080,https://steamcdn-a.akamaihd.net/steam/apps/802080/header.jpg?t=1534152234
802130,https://steamcdn-a.akamaihd.net/steam/apps/802130/header.jpg?t=1540742451
802310,https://steamcdn-a.akamaihd.net/steam/apps/802310/header.jpg?t=1530240619
802660,https://steamcdn-a.akamaihd.net/steam/apps/802660/header.jpg?t=1519287823
803800,https://steamcdn-a.akamaihd.net/steam/apps/803800/header.jpg?t=1551756820
804700,https://steamcdn-a.akamaihd.net/steam/apps/804700/header.jpg?t=1526598285
807770,https://steamcdn-a.akamaihd.net/steam/apps/807770/header.jpg?t=1520894538
807890,https://steamcdn-a.akamaihd.net/steam/apps/807890/header.jpg?t=1534409436
808120,https://steamcdn-a.akamaihd.net/steam/apps/808120/header.jpg?t=1523018541
809540,https://steamcdn-a.akamaihd.net/steam/apps/809540/header.jpg?t=1549469902
810220,https://steamcdn-a.akamaihd.net/steam/apps/810220/header.jpg?t=1520416260
810540,https://steamcdn-a.akamaihd.net/steam/apps/810540/header.jpg?t=1521538318
810770,https://steamcdn-a.akamaihd.net/steam/apps/810770/header.jpg?t=1544535676
812430,https://steamcdn-a.akamaihd.net/steam/apps/812430/header.jpg?t=1522122828
812980,https://steamcdn-a.akamaihd.net/steam/apps/812980/header.jpg?t=1535842870
813650,https://steamcdn-a.akamaihd.net/steam/apps/813650/header.jpg?t=1529353211
814140,https://steamcdn-a.akamaihd.net/steam/apps/814140/header.jpg?t=1547838798
814190,https://steamcdn-a.akamaihd.net/steam/apps/814190/header.jpg?t=1522085148
815290,https://steamcdn-a.akamaihd.net/steam/apps/815290/header.jpg?t=1548878550
816180,https://steamcdn-a.akamaihd.net/steam/apps/816180/header.jpg?t=1524758120
817510,https://steamcdn-a.akamaihd.net/steam/apps/817510/header.jpg?t=1553429257
819020,https://steamcdn-a.akamaihd.net/steam/apps/819020/header.jpg?t=1554875454
819060,https://steamcdn-a.akamaihd.net/steam/apps/819060/header.jpg?t=1554654740
820500,https://steamcdn-a.akamaihd.net/steam/apps/820500/header.jpg?t=1522058337
821480,https://steamcdn-a.akamaihd.net/steam/apps/821480/header.jpg?t=1530362752
821500,https://steamcdn-a.akamaihd.net/steam/apps/821500/header.jpg?t=1524784784
822530,https://steamcdn-a.akamaihd.net/steam/apps/822530/header.jpg?t=1522213948
823310,https://steamcdn-a.akamaihd.net/steam/apps/823310/header.jpg?t=1540632374
823690,https://steamcdn-a.akamaihd.net/steam/apps/823690/header.jpg?t=1549527574
824720,https://steamcdn-a.akamaihd.net/steam/apps/824720/header.jpg?t=1556208678
827520,https://steamcdn-a.akamaihd.net/steam/apps/827520/header.jpg?t=1555142834
828090,https://steamcdn-a.akamaihd.net/steam/apps/828090/header.jpg?t=1552991610
828160,https://steamcdn-a.akamaihd.net/steam/apps/828160/header.jpg?t=1523986848
830750,https://steamcdn-a.akamaihd.net/steam/apps/830750/header.jpg?t=1543850807
831530,https://steamcdn-a.akamaihd.net/steam/apps/831530/header.jpg?t=1549855043
834760,https://steamcdn-a.akamaihd.net/steam/apps/834760/header.jpg?t=1554429864
836420,https://steamcdn-a.akamaihd.net/steam/apps/836420/header.jpg?t=1554035067
836540,https://steamcdn-a.akamaihd.net/steam/apps/836540/header.jpg?t=1525116841
838840,https://steamcdn-a.akamaihd.net/steam/apps/838840/header.jpg?t=1549405030
839040,https://steamcdn-a.akamaihd.net/steam/apps/839040/header.jpg?t=1552155090
839560,https://steamcdn-a.akamaihd.net/steam/apps/839560/header.jpg?t=1524874054
840270,https://steamcdn-a.akamaihd.net/steam/apps/840270/header.jpg?t=1524235910
840700,https://steamcdn-a.akamaihd.net/steam/apps/840700/header.jpg?t=1526648736
841420,https://steamcdn-a.akamaihd.net/steam/apps/841420/header.jpg?t=1527495221
842750,https://steamcdn-a.akamaihd.net/steam/apps/842750/header.jpg?t=1537530904
845870,https://steamcdn-a.akamaihd.net/steam/apps/845870/header.jpg?t=1534552160
846050,https://steamcdn-a.akamaihd.net/steam/apps/846050/header.jpg?t=1534830499
846440,https://steamcdn-a.akamaihd.net/steam/apps/846440/header.jpg?t=1526680088
846670,https://steamcdn-a.akamaihd.net/steam/apps/846670/header.jpg?t=1533631726
849980,https://steamcdn-a.akamaihd.net/steam/apps/849980/header.jpg?t=1539761288
850060,https://steamcdn-a.akamaihd.net/steam/apps/850060/header.jpg?t=1529433776
851110,https://steamcdn-a.akamaihd.net/steam/apps/851110/header.jpg?t=1550495782
852340,https://steamcdn-a.akamaihd.net/steam/apps/852340/header.jpg?t=1553916459
854400,https://steamcdn-a.akamaihd.net/steam/apps/854400/header.jpg?t=1545322820
855800,https://steamcdn-a.akamaihd.net/steam/apps/855800/header.jpg?t=1539107618
856380,https://steamcdn-a.akamaihd.net/steam/apps/856380/header.jpg?t=1539065521
856540,https://steamcdn-a.akamaihd.net/steam/apps/856540/header.jpg?t=1553951927
856880,https://steamcdn-a.akamaihd.net/steam/apps/856880/header.jpg?t=1548388724
857510,https://steamcdn-a.akamaihd.net/steam/apps/857510/header.jpg?t=1551109400
857790,https://steamcdn-a.akamaihd.net/steam/apps/857790/header.jpg?t=1539930161
857850,https://steamcdn-a.akamaihd.net/steam/apps/857850/header.jpg?t=1544570552
858420,https://steamcdn-a.akamaihd.net/steam/apps/858420/header.jpg?t=1526595190
859560,https://steamcdn-a.akamaihd.net/steam/apps/859560/header.jpg?t=1538992134
859920,https://steamcdn-a.akamaihd.net/steam/apps/859920/header.jpg?t=1539928322
860380,https://steamcdn-a.akamaihd.net/steam/apps/860380/header.jpg?t=1547182228
860570,https://steamcdn-a.akamaihd.net/steam/apps/860570/header.jpg?t=1531461563
860590,https://steamcdn-a.akamaihd.net/steam/apps/860590/header.jpg?t=1545988930
860660,https://steamcdn-a.akamaihd.net/steam/apps/860660/header.jpg?t=1532936065
861000,https://steamcdn-a.akamaihd.net/steam/apps/861000/header.jpg?t=1547439368
861210,https://steamcdn-a.akamaihd.net/steam/apps/861210/header.jpg?t=1537199539
863570,https://steamcdn-a.akamaihd.net/steam/apps/863570/header.jpg?t=1556108299
864740,https://steamcdn-a.akamaihd.net/steam/apps/864740/header.jpg?t=1537517686
864920,https://steamcdn-a.akamaihd.net/steam/apps/864920/header.jpg?t=1545435253
865270,https://steamcdn-a.akamaihd.net/steam/apps/865270/header.jpg?t=1533915238
865720,https://steamcdn-a.akamaihd.net/steam/apps/865720/header.jpg?t=1536590549
865930,https://steamcdn-a.akamaihd.net/steam/apps/865930/header.jpg?t=1554069874
865980,https://steamcdn-a.akamaihd.net/steam/apps/865980/header.jpg?t=1556199566
867140,https://steamcdn-a.akamaihd.net/steam/apps/867140/header.jpg?t=1537729462
867490,https://steamcdn-a.akamaihd.net/steam/apps/867490/header.jpg?t=1543564160
869320,https://steamcdn-a.akamaihd.net/steam/apps/869320/header.jpg?t=1532510371
869570,https://steamcdn-a.akamaihd.net/steam/apps/869570/header.jpg?t=1529135832
870450,https://steamcdn-a.akamaihd.net/steam/apps/870450/header.jpg?t=1529527273
870730,https://steamcdn-a.akamaihd.net/steam/apps/870730/header.jpg?t=1556552260
870750,https://steamcdn-a.akamaihd.net/steam/apps/870750/header.jpg?t=1529505581
871450,https://steamcdn-a.akamaihd.net/steam/apps/871450/header.jpg?t=1532694450
871470,https://steamcdn-a.akamaihd.net/steam/apps/871470/header.jpg?t=1529927449
872000,https://steamcdn-a.akamaihd.net/steam/apps/872000/header.jpg?t=1529782760
872690,https://steamcdn-a.akamaihd.net/steam/apps/872690/header.jpg?t=1546618968
874090,https://steamcdn-a.akamaihd.net/steam/apps/874090/header.jpg?t=1529517126
874690,https://steamcdn-a.akamaihd.net/steam/apps/874690/header.jpg?t=1538085388
876890,https://steamcdn-a.akamaihd.net/steam/apps/876890/header.jpg?t=1536212193
878280,https://steamcdn-a.akamaihd.net/steam/apps/878280/header.jpg?t=1539981060
878470,https://steamcdn-a.akamaihd.net/steam/apps/878470/header.jpg?t=1550987305
879270,https://steamcdn-a.akamaihd.net/steam/apps/879270/header.jpg?t=1554273451
879290,https://steamcdn-a.akamaihd.net/steam/apps/879290/header.jpg?t=1537536609
881060,https://steamcdn-a.akamaihd.net/steam/apps/881060/header.jpg?t=1552052201
881170,https://steamcdn-a.akamaihd.net/steam/apps/881170/header.jpg?t=1539029597
882600,https://steamcdn-a.akamaihd.net/steam/apps/882600/header.jpg?t=1551196804
882990,https://steamcdn-a.akamaihd.net/steam/apps/882990/header.jpg?t=1531908111
883220,https://steamcdn-a.akamaihd.net/steam/apps/883220/header.jpg?t=1533315646
883560,https://steamcdn-a.akamaihd.net/steam/apps/883560/header.jpg?t=1552925112
884960,https://steamcdn-a.akamaihd.net/steam/apps/884960/header.jpg?t=1531497845
885180,https://steamcdn-a.akamaihd.net/steam/apps/885180/header.jpg?t=1555904983
885590,https://steamcdn-a.akamaihd.net/steam/apps/885590/header.jpg?t=1536874860
887370,https://steamcdn-a.akamaihd.net/steam/apps/887370/header.jpg?t=1554139839
887400,https://steamcdn-a.akamaihd.net/steam/apps/887400/header.jpg?t=1545370873
887750,https://steamcdn-a.akamaihd.net/steam/apps/887750/header.jpg?t=1530894058
888040,https://steamcdn-a.akamaihd.net/steam/apps/888040/header.jpg?t=1542052523
889040,https://steamcdn-a.akamaihd.net/steam/apps/889040/header.jpg?t=1545259733
889320,https://steamcdn-a.akamaihd.net/steam/apps/889320/header.jpg?t=1535260058
889760,https://steamcdn-a.akamaihd.net/steam/apps/889760/header.jpg?t=1537774625
890210,https://steamcdn-a.akamaihd.net/steam/apps/890210/header.jpg?t=1533067872
891470,https://steamcdn-a.akamaihd.net/steam/apps/891470/header.jpg?t=1531506446
891650,https://steamcdn-a.akamaihd.net/steam/apps/891650/header.jpg?t=1554418727
892880,https://steamcdn-a.akamaihd.net/steam/apps/892880/header.jpg?t=1553271837
894340,https://steamcdn-a.akamaihd.net/steam/apps/894340/header.jpg?t=1538757819
895610,https://steamcdn-a.akamaihd.net/steam/apps/895610/header.jpg?t=1554226971
897100,https://steamcdn-a.akamaihd.net/steam/apps/897100/header.jpg?t=1549467264
897330,https://steamcdn-a.akamaihd.net/steam/apps/897330/header.jpg?t=1555095677
897440,https://steamcdn-a.akamaihd.net/steam/apps/897440/header.jpg?t=1552044268
897630,https://steamcdn-a.akamaihd.net/steam/apps/897630/header.jpg?t=1549556150
899340,https://steamcdn-a.akamaihd.net/steam/apps/899340/header.jpg?t=1536525353
900020,https://steamcdn-a.akamaihd.net/steam/apps/900020/header.jpg?t=1535333415
903640,https://steamcdn-a.akamaihd.net/steam/apps/903640/header.jpg?t=1539746082
904130,https://steamcdn-a.akamaihd.net/steam/apps/904130/header.jpg?t=1553321389
904560,https://steamcdn-a.akamaihd.net/steam/apps/904560/header.jpg?t=1534127661
904600,https://steamcdn-a.akamaihd.net/steam/apps/904600/header.jpg?t=1543371495
904800,https://steamcdn-a.akamaihd.net/steam/apps/904800/header.jpg?t=1536272788
905640,https://steamcdn-a.akamaihd.net/steam/apps/905640/header.jpg?t=1543384709
906020,https://steamcdn-a.akamaihd.net/steam/apps/906020/header.jpg?t=1538988852
906110,https://steamcdn-a.akamaihd.net/steam/apps/906110/header.jpg?t=1545391203
906730,https://steamcdn-a.akamaihd.net/steam/apps/906730/header.jpg?t=1546201994
907210,https://steamcdn-a.akamaihd.net/steam/apps/907210/header.jpg?t=1552044238
908150,https://steamcdn-a.akamaihd.net/steam/apps/908150/header.jpg?t=1535971478
908960,https://steamcdn-a.akamaihd.net/steam/apps/908960/header.jpg?t=1546899625
909020,https://steamcdn-a.akamaihd.net/steam/apps/909020/header.jpg?t=1537329791
909580,https://steamcdn-a.akamaihd.net/steam/apps/909580/header.jpg?t=1551109165
910230,https://steamcdn-a.akamaihd.net/steam/apps/910230/header.jpg?t=1543207310
910730,https://steamcdn-a.akamaihd.net/steam/apps/910730/header.jpg?t=1544176844
911120,https://steamcdn-a.akamaihd.net/steam/apps/911120/header.jpg?t=1536908429
912390,https://steamcdn-a.akamaihd.net/steam/apps/912390/header.jpg?t=1550080831
912580,https://steamcdn-a.akamaihd.net/steam/apps/912580/header.jpg?t=1540501234
913120,https://steamcdn-a.akamaihd.net/steam/apps/913120/header.jpg?t=1555585996
913300,https://steamcdn-a.akamaihd.net/steam/apps/913300/header.jpg?t=1534234232
914050,https://steamcdn-a.akamaihd.net/steam/apps/914050/header.jpg?t=1537951654
914160,https://steamcdn-a.akamaihd.net/steam/apps/914160/header.jpg?t=1550712788
916010,https://steamcdn-a.akamaihd.net/steam/apps/916010/header.jpg?t=1542823977
916060,https://steamcdn-a.akamaihd.net/steam/apps/916060/header.jpg?t=1552885182
916880,https://steamcdn-a.akamaihd.net/steam/apps/916880/header.jpg?t=1535053685
916970,https://steamcdn-a.akamaihd.net/steam/apps/916970/header.jpg?t=1539257079
920190,https://steamcdn-a.akamaihd.net/steam/apps/920190/header.jpg?t=1535110104
920620,https://steamcdn-a.akamaihd.net/steam/apps/920620/header.jpg?t=1535529753
924780,https://steamcdn-a.akamaihd.net/steam/apps/924780/header.jpg?t=1553175820
926070,https://steamcdn-a.akamaihd.net/steam/apps/926070/header.jpg?t=1537209255
926170,https://steamcdn-a.akamaihd.net/steam/apps/926170/header.jpg?t=1538152037
927190,https://steamcdn-a.akamaihd.net/steam/apps/927190/header.jpg?t=1539590368
929020,https://steamcdn-a.akamaihd.net/steam/apps/929020/header.jpg?t=1540477492
930650,https://steamcdn-a.akamaihd.net/steam/apps/930650/header.jpg?t=1537531113
932150,https://steamcdn-a.akamaihd.net/steam/apps/932150/header.jpg?t=1538928079
932420,https://steamcdn-a.akamaihd.net/steam/apps/932420/header.jpg?t=1538918230
932980,https://steamcdn-a.akamaihd.net/steam/apps/932980/header.jpg?t=1537580406
933050,https://steamcdn-a.akamaihd.net/steam/apps/933050/header.jpg?t=1538420546
935930,https://steamcdn-a.akamaihd.net/steam/apps/935930/header.jpg?t=1544667365
938300,https://steamcdn-a.akamaihd.net/steam/apps/938300/header.jpg?t=1551988170
939000,https://steamcdn-a.akamaihd.net/steam/apps/939000/header.jpg?t=1550594777
940810,https://steamcdn-a.akamaihd.net/steam/apps/940810/header.jpg?t=1541178044
941120,https://steamcdn-a.akamaihd.net/steam/apps/941120/header.jpg?t=1551416667
942020,https://steamcdn-a.akamaihd.net/steam/apps/942020/header.jpg?t=1554122278
942900,https://steamcdn-a.akamaihd.net/steam/apps/942900/header.jpg?t=1555642249
943130,https://steamcdn-a.akamaihd.net/steam/apps/943130/header.jpg?t=1551732417
945360,https://steamcdn-a.akamaihd.net/steam/apps/945360/header.jpg?t=1542387642
945820,https://steamcdn-a.akamaihd.net/steam/apps/945820/header.jpg?t=1538697427
947400,https://steamcdn-a.akamaihd.net/steam/apps/947400/header.jpg?t=1551717088
947490,https://steamcdn-a.akamaihd.net/steam/apps/947490/header.jpg?t=1552934429
948100,https://steamcdn-a.akamaihd.net/steam/apps/948100/header.jpg?t=1547991107
949810,https://steamcdn-a.akamaihd.net/steam/apps/949810/header.jpg?t=1550870563
949830,https://steamcdn-a.akamaihd.net/steam/apps/949830/header.jpg?t=1541315931
951160,https://steamcdn-a.akamaihd.net/steam/apps/951160/header.jpg?t=1545659582
953760,https://steamcdn-a.akamaihd.net/steam/apps/953760/header.jpg?t=1549632376
953990,https://steamcdn-a.akamaihd.net/steam/apps/953990/header.jpg?t=1548944544
955890,https://steamcdn-a.akamaihd.net/steam/apps/955890/header.jpg?t=1554385897
956280,https://steamcdn-a.akamaihd.net/steam/apps/956280/header.jpg?t=1544033881
956450,https://steamcdn-a.akamaihd.net/steam/apps/956450/header.jpg?t=1550111310
959930,https://steamcdn-a.akamaihd.net/steam/apps/959930/header.jpg?t=1545757714
960040,https://steamcdn-a.akamaihd.net/steam/apps/960040/header.jpg?t=1545255934
961110,https://steamcdn-a.akamaihd.net/steam/apps/961110/header.jpg?t=1541059797
963110,https://steamcdn-a.akamaihd.net/steam/apps/963110/header.jpg?t=1542588316
963930,https://steamcdn-a.akamaihd.net/steam/apps/963930/header.jpg?t=1549382761
964170,https://steamcdn-a.akamaihd.net/steam/apps/964170/header.jpg?t=1555879822
965060,https://steamcdn-a.akamaihd.net/steam/apps/965060/header.jpg?t=1545463173
965320,https://steamcdn-a.akamaihd.net/steam/apps/965320/header.jpg?t=1550832433
965830,https://steamcdn-a.akamaihd.net/steam/apps/965830/header.jpg?t=1541440844
966450,https://steamcdn-a.akamaihd.net/steam/apps/966450/header.jpg?t=1548574833
968820,https://steamcdn-a.akamaihd.net/steam/apps/968820/header.jpg?t=1554818996
970030,https://steamcdn-a.akamaihd.net/steam/apps/970030/header.jpg?t=1554483127
971130,https://steamcdn-a.akamaihd.net/steam/apps/971130/header.jpg?t=1548597344
974860,https://steamcdn-a.akamaihd.net/steam/apps/974860/header.jpg?t=1554003805
975050,https://steamcdn-a.akamaihd.net/steam/apps/975050/header.jpg?t=1549360097
975410,https://steamcdn-a.akamaihd.net/steam/apps/975410/header.jpg?t=1549914444
976230,https://steamcdn-a.akamaihd.net/steam/apps/976230/header.jpg?t=1543571487
976320,https://steamcdn-a.akamaihd.net/steam/apps/976320/header.jpg?t=1554062752
978920,https://steamcdn-a.akamaihd.net/steam/apps/978920/header.jpg?t=1543947059
979320,https://steamcdn-a.akamaihd.net/steam/apps/979320/header.jpg?t=1555372376
982770,https://steamcdn-a.akamaihd.net/steam/apps/982770/header.jpg?t=1551317748
983230,https://steamcdn-a.akamaihd.net/steam/apps/983230/header.jpg?t=1543423886
985770,https://steamcdn-a.akamaihd.net/steam/apps/985770/header.jpg?t=1550215225
986280,https://steamcdn-a.akamaihd.net/steam/apps/986280/header.jpg?t=1554314946
987740,https://steamcdn-a.akamaihd.net/steam/apps/987740/header.jpg?t=1555664062
987800,https://steamcdn-a.akamaihd.net/steam/apps/987800/header.jpg?t=1546629553
987980,https://steamcdn-a.akamaihd.net/steam/apps/987980/header.jpg?t=1545622286
988250,https://steamcdn-a.akamaihd.net/steam/apps/988250/header.jpg?t=1555071072
989070,https://steamcdn-a.akamaihd.net/steam/apps/989070/header.jpg?t=1544640138
990640,https://steamcdn-a.akamaihd.net/steam/apps/990640/header.jpg?t=1546162693
991230,https://steamcdn-a.akamaihd.net/steam/apps/991230/header.jpg?t=1546694237
992720,https://steamcdn-a.akamaihd.net/steam/apps/992720/header.jpg?t=1549039225
993430,https://steamcdn-a.akamaihd.net/steam/apps/993430/header.jpg?t=1552140852
993690,https://steamcdn-a.akamaihd.net/steam/apps/993690/header.jpg?t=1554946270
994220,https://steamcdn-a.akamaihd.net/steam/apps/994220/header.jpg?t=1554035452
995000,https://steamcdn-a.akamaihd.net/steam/apps/995000/header.jpg?t=1548112281
997260,https://steamcdn-a.akamaihd.net/steam/apps/997260/header.jpg?t=1546925819
997600,https://steamcdn-a.akamaihd.net/steam/apps/997600/header.jpg?t=1546698377
998220,https://steamcdn-a.akamaihd.net/steam/apps/998220/header.jpg?t=1546910983
1000100,https://steamcdn-a.akamaihd.net/steam/apps/1000100/header.jpg?t=1548401430
1001200,https://steamcdn-a.akamaihd.net/steam/apps/1001200/header.jpg?t=1550171112
1001570,https://steamcdn-a.akamaihd.net/steam/apps/1001570/header.jpg?t=1555424987
1002270,https://steamcdn-a.akamaihd.net/steam/apps/1002270/header.jpg?t=1553813241
1002690,https://steamcdn-a.akamaihd.net/steam/apps/1002690/header.jpg?t=1548920167
1002950,https://steamcdn-a.akamaihd.net/steam/apps/1002950/header.jpg?t=1547539738
1004570,https://steamcdn-a.akamaihd.net/steam/apps/1004570/header.jpg?t=1548457332
1005050,https://steamcdn-a.akamaihd.net/steam/apps/1005050/header.jpg?t=1548367533
1006190,https://steamcdn-a.akamaihd.net/steam/apps/1006190/header.jpg?t=1554103249
1008320,https://steamcdn-a.akamaihd.net/steam/apps/1008320/header.jpg?t=1547991215
1009030,https://steamcdn-a.akamaihd.net/steam/apps/1009030/header.jpg?t=1548033052
1010000,https://steamcdn-a.akamaihd.net/steam/apps/1010000/header.jpg?t=1554373264
1010950,https://steamcdn-a.akamaihd.net/steam/apps/1010950/header.jpg?t=1549384049
1013120,https://steamcdn-a.akamaihd.net/steam/apps/1013120/header.jpg?t=1550825155
1014130,https://steamcdn-a.akamaihd.net/steam/apps/1014130/header.jpg?t=1556446152
1014420,https://steamcdn-a.akamaihd.net/steam/apps/1014420/header.jpg?t=1550122178
1020940,https://steamcdn-a.akamaihd.net/steam/apps/1020940/header.jpg?t=1554328830
1020980,https://steamcdn-a.akamaihd.net/steam/apps/1020980/header.jpg?t=1555693125
1022530,https://steamcdn-a.akamaihd.net/steam/apps/1022530/header.jpg?t=1554340719
1022920,https://steamcdn-a.akamaihd.net/steam/apps/1022920/header.jpg?t=1551014614
1024450,https://steamcdn-a.akamaihd.net/steam/apps/1024450/header.jpg?t=1552265433
1024780,https://steamcdn-a.akamaihd.net/steam/apps/1024780/header.jpg?t=1553331733
1024860,https://steamcdn-a.akamaihd.net/steam/apps/1024860/header.jpg?t=1551426877
1026030,https://steamcdn-a.akamaihd.net/steam/apps/1026030/header.jpg?t=1551380690
1029040,https://steamcdn-a.akamaihd.net/steam/apps/1029040/header.jpg?t=1555419498
1031770,https://steamcdn-a.akamaihd.net/steam/apps/1031770/header.jpg?t=1555784531
1032140,https://steamcdn-a.akamaihd.net/steam/apps/1032140/header.jpg?t=1552640113
1034120,https://steamcdn-a.akamaihd.net/steam/apps/1034120/header.jpg?t=1552005829
1034830,https://steamcdn-a.akamaihd.net/steam/apps/1034830/header.jpg?t=1552727271
1038240,https://steamcdn-a.akamaihd.net/steam/apps/1038240/header.jpg?t=1555125547
1042150,https://steamcdn-a.akamaihd.net/steam/apps/1042150/header.jpg?t=1552636767
1042230,https://steamcdn-a.akamaihd.net/steam/apps/1042230/header.jpg?t=1555342225
1045130,https://steamcdn-a.akamaihd.net/steam/apps/1045130/header.jpg?t=1555505445
1046240,https://steamcdn-a.akamaihd.net/steam/apps/1046240/header.jpg?t=1554923335
1050690,https://steamcdn-a.akamaihd.net/steam/apps/1050690/header.jpg?t=1555924401
1052220,https://steamcdn-a.akamaihd.net/steam/apps/1052220/header.jpg?t=1556258786
1053300,https://steamcdn-a.akamaihd.net/steam/apps/1053300/header.jpg?t=1554968753
